#
# There is insufficient memory for the Java Runtime Environment to continue.
# Native memory allocation (malloc) failed to allocate 1466096 bytes for Chunk::new
# Possible reasons:
#   The system is out of physical RAM or swap space
#   The process is running with CompressedOops enabled, and the Java Heap may be blocking the growth of the native heap
# Possible solutions:
#   Reduce memory load on the system
#   Increase physical memory or swap space
#   Check if swap backing store is full
#   Decrease Java heap size (-Xmx/-Xms)
#   Decrease number of Java threads
#   Decrease Java thread stack sizes (-Xss)
#   Set larger code cache with -XX:ReservedCodeCacheSize=
#   JVM is running with Zero Based Compressed Oops mode in which the Java heap is
#     placed in the first 32GB address space. The Java Heap base address is the
#     maximum limit for the native heap growth. Please use -XX:HeapBaseMinAddress
#     to set the Java Heap base and to place the Java Heap above 32GB virtual address.
# This output file may be truncated or incomplete.
#
#  Out of Memory Error (arena.cpp:184), pid=12352, tid=18516
#
# JRE version: Java(TM) SE Runtime Environment (18.0.2.1+1) (build 18.0.2.1+1-1)
# Java VM: Java HotSpot(TM) 64-Bit Server VM (18.0.2.1+1-1, mixed mode, sharing, tiered, compressed oops, compressed class ptrs, g1 gc, windows-amd64)
# No core dump will be written. Minidumps are not enabled by default on client versions of Windows
#

---------------  S U M M A R Y ------------

Command Line: --add-opens=java.base/java.lang=ALL-UNNAMED --add-opens=java.base/java.lang.invoke=ALL-UNNAMED --add-opens=java.base/java.util=ALL-UNNAMED --add-opens=java.prefs/java.util.prefs=ALL-UNNAMED --add-exports=jdk.compiler/com.sun.tools.javac.api=ALL-UNNAMED --add-exports=jdk.compiler/com.sun.tools.javac.util=ALL-UNNAMED --add-opens=java.base/java.util=ALL-UNNAMED --add-opens=java.prefs/java.util.prefs=ALL-UNNAMED --add-opens=java.base/java.nio.charset=ALL-UNNAMED --add-opens=java.base/java.net=ALL-UNNAMED --add-opens=java.base/java.util.concurrent.atomic=ALL-UNNAMED --add-opens=java.xml/javax.xml.namespace=ALL-UNNAMED -XX:MaxMetaspaceSize=4G -XX:ReservedCodeCacheSize=512m -XX:+HeapDumpOnOutOfMemoryError -Xmx8G -Dfile.encoding=UTF-8 -Duser.country=CO -Duser.language=es -Duser.variant -javaagent:C:\Users\julie\.gradle\wrapper\dists\gradle-8.14-all\c2qonpi39x1mddn7hk5gh9iqj\gradle-8.14\lib\agents\gradle-instrumentation-agent-8.14.jar org.gradle.launcher.daemon.bootstrap.GradleDaemon 8.14

Host: 11th Gen Intel(R) Core(TM) i7-1165G7 @ 2.80GHz, 8 cores, 7G,  Windows 11 , 64 bit Build 26100 (10.0.26100.8115)
Time: Sun Apr 12 22:54:44 2026 Hora est. Pacífico, Sudamérica elapsed time: 10687.969599 seconds (0d 2h 58m 7s)

---------------  T H R E A D  ---------------

Current thread (0x00000252ee011470):  JavaThread "C2 CompilerThread1" daemon [_thread_in_native, id=18516, stack(0x0000007fe0a00000,0x0000007fe0b00000)]


Current CompileTask:
C2:10688007 101736   !   4       com.android.tools.r8.internal.Vb0::a (933 bytes)

Stack: [0x0000007fe0a00000,0x0000007fe0b00000]
Native frames: (J=compiled Java code, j=interpreted, Vv=VM code, C=native code)
V  [jvm.dll+0x6993aa]
V  [jvm.dll+0x7f46dd]
V  [jvm.dll+0x7f5fee]
V  [jvm.dll+0x7f66a3]
V  [jvm.dll+0x25cf1f]
V  [jvm.dll+0xb8c2f]
V  [jvm.dll+0xb8fa5]
V  [jvm.dll+0x3860cb]
V  [jvm.dll+0x34fe71]
V  [jvm.dll+0x34f30a]
V  [jvm.dll+0x230101]
V  [jvm.dll+0x22f4d1]
V  [jvm.dll+0x1ba01c]
V  [jvm.dll+0x23ee0a]
V  [jvm.dll+0x23d0f5]
V  [jvm.dll+0x7a6dd1]
V  [jvm.dll+0x7a120a]
V  [jvm.dll+0x698255]
C  [ucrtbase.dll+0x37b0]
C  [KERNEL32.DLL+0x2e8d7]
C  [ntdll.dll+0x8c3fc]


---------------  P R O C E S S  ---------------

Threads class SMR info:
_java_thread_list=0x00000252f30d2920, length=202, elements={
0x000002528e309e80, 0x00000252c93513e0, 0x00000252c9351c90, 0x00000252c936a5e0,
0x00000252c936ae90, 0x00000252c936b740, 0x00000252c936bff0, 0x00000252c936cbd0,
0x00000252c93794f0, 0x00000252c9385320, 0x00000252c933f4c0, 0x00000252d01c7b30,
0x00000252d0efaaf0, 0x00000252d1a05c00, 0x00000252d19d70b0, 0x00000252d19e9800,
0x00000252d19ec350, 0x00000252d19ec820, 0x00000252d19eccf0, 0x00000252d19ed1c0,
0x00000252d19ea670, 0x00000252d48ace60, 0x00000252d3a07320, 0x00000252d70123a0,
0x00000252d7012870, 0x00000252d7011ed0, 0x00000252d7011530, 0x00000252d7011060,
0x00000252d7012d40, 0x00000252d7011a00, 0x00000252d66051c0, 0x00000252d73f66e0,
0x00000252d73f9700, 0x00000252d73fb8b0, 0x00000252d73f9bd0, 0x00000252d73f9230,
0x00000252d73fb3e0, 0x00000252dc82ce40, 0x00000252dc82eb20, 0x00000252d6b369f0,
0x00000252d660a860, 0x00000252d3a03e30, 0x00000252dc8a01c0, 0x00000252e3cbdb90,
0x00000252e3cbe530, 0x00000252dc89d670, 0x00000252dc900530, 0x00000252e50a2d80,
0x00000252dd4109e0, 0x00000252ef2c2bb0, 0x00000252ef2c0a00, 0x00000252dc89fcf0,
0x00000252f1abc020, 0x00000252f1abb680, 0x00000252f1abd360, 0x00000252ef6634b0,
0x00000252ef663e50, 0x00000252ef6647f0, 0x00000252ef664cc0, 0x00000252e229c870,
0x00000252e229bed0, 0x00000252e229e080, 0x00000252e229dbb0, 0x00000252e229ea20,
0x00000252e229c3a0, 0x00000252e229b530, 0x00000252e229ba00, 0x00000252e420d2a0,
0x00000252e420a280, 0x00000252e420c430, 0x00000252e420a750, 0x00000252f1abd830,
0x00000252f1abeb70, 0x00000252f1abdd00, 0x00000252f1abe1d0, 0x00000252f1abbb50,
0x00000252d2012a90, 0x00000252d2011c20, 0x00000252d2012f60, 0x00000252ee0abb90,
0x00000252ef2c3080, 0x00000252ef2c1870, 0x00000252ef2c3550, 0x00000252ef2c3a20,
0x00000252ef2c13a0, 0x00000252ef2c0ed0, 0x00000252ef2c1d40, 0x00000252ef2c3ef0,
0x00000252ef2c43c0, 0x00000252e2f86550, 0x00000252e2f84870, 0x00000252e2f84d40,
0x00000252ee0aca00, 0x00000252f0a552e0, 0x00000252f0a54470, 0x00000252ee0ac530,
0x00000252ee0aad20, 0x00000252ee0aa380, 0x00000252ee0add40, 0x00000252ee0aced0,
0x00000252ee0ab1f0, 0x00000252ee0ad3a0, 0x00000252f033c350, 0x00000252f033c820,
0x00000252e420b0f0, 0x00000252ede2b220, 0x00000252ede29070, 0x00000252ede2c560,
0x00000252ede2ca30, 0x00000252e2c533b0, 0x00000252e2c52ee0, 0x00000252e2c52070,
0x00000252e5325c20, 0x00000252e5322c00, 0x00000252e5322260, 0x00000252e5322730,
0x00000252e5323a70, 0x00000252e53230d0, 0x00000252d2011280, 0x00000252dd6c93a0,
0x00000252dd6ca210, 0x00000252dd6c6d20, 0x00000252dd6c76c0, 0x00000252dd6c8060,
0x00000252d5b9da70, 0x00000252d5b9edb0, 0x00000252d20120f0, 0x00000252d20108e0,
0x00000252d2010db0, 0x00000252d2011750, 0x00000252d2013900, 0x00000252f0a56150,
0x00000252dc032c20, 0x00000252d5ba0a90, 0x00000252d5b9fc20, 0x00000252d2010410,
0x00000252d200ff40, 0x00000252f0a55c80, 0x00000252f0a56620, 0x00000252ee0ad870,
0x00000252edfa0a70, 0x00000252e2f85bb0, 0x00000252e2f83a00, 0x00000252e2f85210,
0x00000252e2f856e0, 0x00000252e2f86080, 0x00000252e1c684c0, 0x00000252e1c69cd0,
0x00000252e1c69800, 0x00000252e21c8340, 0x00000252e21c8810, 0x00000252e21c79a0,
0x00000252e21c91b0, 0x00000252e2f86a20, 0x00000252e1c69330, 0x00000252dd50af60,
0x00000252dc7ddc60, 0x00000252d5b9d5a0, 0x00000252dc7dead0, 0x00000252dc7dc920,
0x00000252dc7dc450, 0x00000252dc7dcdf0, 0x00000252e5323f40, 0x00000252edfa00d0,
0x00000252dc7de130, 0x00000252dc7defa0, 0x00000252dc7dbf80, 0x00000252dc035770,
0x00000252f1241a00, 0x00000252dd50d110, 0x00000252f1b7ca20, 0x00000252e2c59150,
0x00000252f1244550, 0x00000252f1242d40, 0x00000252dd50c2a0, 0x00000252dd50cc40,
0x00000252d0564fa0, 0x00000252d0564130, 0x00000252dba9ba20, 0x00000252dba993a0,
0x00000252d0565470, 0x00000252e2c57470, 0x00000252d0565940, 0x00000252d0563790,
0x00000252e2c59620, 0x00000252dd50d5e0, 0x00000252edc4d630, 0x00000252e5808870,
0x00000252d458b390, 0x00000252e2a5e440, 0x00000252e2c5a490, 0x00000252e2a5df70,
0x00000252dc902210, 0x00000252f12436e0, 0x00000252dd50a0f0, 0x00000252edfa0f40,
0x00000252ef705200, 0x00000252e2c582e0, 0x00000252ef706070, 0x00000252ee011470,
0x00000252e537b4a0, 0x00000252d7598c20
}

Java Threads: ( => current thread )
  0x000002528e309e80 JavaThread "main" [_thread_blocked, id=7000, stack(0x0000007fd7600000,0x0000007fd7700000)]
  0x00000252c93513e0 JavaThread "Reference Handler" daemon [_thread_blocked, id=11656, stack(0x0000007fd7d00000,0x0000007fd7e00000)]
  0x00000252c9351c90 JavaThread "Finalizer" daemon [_thread_blocked, id=10276, stack(0x0000007fd7e00000,0x0000007fd7f00000)]
  0x00000252c936a5e0 JavaThread "Signal Dispatcher" daemon [_thread_blocked, id=6420, stack(0x0000007fd7f00000,0x0000007fd8000000)]
  0x00000252c936ae90 JavaThread "Attach Listener" daemon [_thread_blocked, id=11408, stack(0x0000007fd8000000,0x0000007fd8100000)]
  0x00000252c936b740 JavaThread "Service Thread" daemon [_thread_blocked, id=5808, stack(0x0000007fd8100000,0x0000007fd8200000)]
  0x00000252c936bff0 JavaThread "Monitor Deflation Thread" daemon [_thread_blocked, id=7272, stack(0x0000007fd8200000,0x0000007fd8300000)]
  0x00000252c936cbd0 JavaThread "C2 CompilerThread0" daemon [_thread_in_native, id=10408, stack(0x0000007fd8300000,0x0000007fd8400000)]
  0x00000252c93794f0 JavaThread "C1 CompilerThread0" daemon [_thread_in_vm, id=14768, stack(0x0000007fd8400000,0x0000007fd8500000)]
  0x00000252c9385320 JavaThread "Sweeper thread" daemon [_thread_in_vm, id=18100, stack(0x0000007fd8500000,0x0000007fd8600000)]
  0x00000252c933f4c0 JavaThread "Common-Cleaner" daemon [_thread_blocked, id=16272, stack(0x0000007fd8600000,0x0000007fd8700000)]
  0x00000252d01c7b30 JavaThread "Notification Thread" daemon [_thread_blocked, id=11932, stack(0x0000007fd8700000,0x0000007fd8800000)]
  0x00000252d0efaaf0 JavaThread "Daemon health stats" [_thread_blocked, id=8480, stack(0x0000007fd8c00000,0x0000007fd8d00000)]
  0x00000252d1a05c00 JavaThread "Incoming local TCP Connector on port 58837" [_thread_in_native, id=12472, stack(0x0000007fd8f00000,0x0000007fd9000000)]
  0x00000252d19d70b0 JavaThread "Daemon periodic checks" [_thread_blocked, id=18068, stack(0x0000007fd9000000,0x0000007fd9100000)]
  0x00000252d19e9800 JavaThread "Cache worker for journal cache (C:\Users\julie\.gradle\caches\journal-1)" [_thread_blocked, id=16936, stack(0x0000007fd9800000,0x0000007fd9900000)]
  0x00000252d19ec350 JavaThread "File lock request listener" [_thread_in_native, id=9884, stack(0x0000007fd9900000,0x0000007fd9a00000)]
  0x00000252d19ec820 JavaThread "Cache worker for file hash cache (C:\Users\julie\.gradle\caches\8.14\fileHashes)" [_thread_blocked, id=2464, stack(0x0000007fd9a00000,0x0000007fd9b00000)]
  0x00000252d19eccf0 JavaThread "File watcher server" daemon [_thread_in_native, id=2232, stack(0x0000007fda200000,0x0000007fda300000)]
  0x00000252d19ed1c0 JavaThread "File watcher consumer" daemon [_thread_blocked, id=16620, stack(0x0000007fda300000,0x0000007fda400000)]
  0x00000252d19ea670 JavaThread "Cache worker for file content cache (C:\Users\julie\.gradle\caches\8.14\fileContent)" [_thread_blocked, id=16896, stack(0x0000007fda500000,0x0000007fda600000)]
  0x00000252d48ace60 JavaThread "Memory manager" [_thread_blocked, id=16276, stack(0x0000007fdbe00000,0x0000007fdbf00000)]
  0x00000252d3a07320 JavaThread "jar transforms" [_thread_blocked, id=12928, stack(0x0000007fdf600000,0x0000007fdf700000)]
  0x00000252d70123a0 JavaThread "jar transforms Thread 2" [_thread_blocked, id=2344, stack(0x0000007fdf500000,0x0000007fdf600000)]
  0x00000252d7012870 JavaThread "jar transforms Thread 3" [_thread_blocked, id=17424, stack(0x0000007fdf800000,0x0000007fdf900000)]
  0x00000252d7011ed0 JavaThread "jar transforms Thread 4" [_thread_blocked, id=11816, stack(0x0000007fdf900000,0x0000007fdfa00000)]
  0x00000252d7011530 JavaThread "jar transforms Thread 5" [_thread_blocked, id=12416, stack(0x0000007fdfa00000,0x0000007fdfb00000)]
  0x00000252d7011060 JavaThread "jar transforms Thread 6" [_thread_blocked, id=11016, stack(0x0000007fdfb00000,0x0000007fdfc00000)]
  0x00000252d7012d40 JavaThread "jar transforms Thread 7" [_thread_blocked, id=15712, stack(0x0000007fdfc00000,0x0000007fdfd00000)]
  0x00000252d7011a00 JavaThread "jar transforms Thread 8" [_thread_blocked, id=17092, stack(0x0000007fdfd00000,0x0000007fdfe00000)]
  0x00000252d66051c0 JavaThread "Cache worker for Java compile cache (C:\Users\julie\.gradle\caches\8.14\javaCompile)" [_thread_blocked, id=3576, stack(0x0000007fe1a00000,0x0000007fe1b00000)]
  0x00000252d73f66e0 JavaThread "Java2D Disposer" daemon [_thread_blocked, id=5028, stack(0x0000007fe3900000,0x0000007fe3a00000)]
  0x00000252d73f9700 JavaThread "AWT-Windows" daemon [_thread_in_native, id=10360, stack(0x0000007fe3b00000,0x0000007fe3c00000)]
  0x00000252d73fb8b0 JavaThread "DefaultDispatcher-worker-1" daemon [_thread_blocked, id=9936, stack(0x0000007fe3d00000,0x0000007fe3e00000)]
  0x00000252d73f9bd0 JavaThread "DefaultDispatcher-worker-2" daemon [_thread_blocked, id=4928, stack(0x0000007fe3e00000,0x0000007fe3f00000)]
  0x00000252d73f9230 JavaThread "DefaultDispatcher-worker-4" daemon [_thread_blocked, id=12372, stack(0x0000007fe3f00000,0x0000007fe4000000)]
  0x00000252d73fb3e0 JavaThread "DefaultDispatcher-worker-3" daemon [_thread_blocked, id=7692, stack(0x0000007fe4000000,0x0000007fe4100000)]
  0x00000252dc82ce40 JavaThread "DefaultDispatcher-worker-5" daemon [_thread_blocked, id=14924, stack(0x0000007fe4100000,0x0000007fe4200000)]
  0x00000252dc82eb20 JavaThread "DefaultDispatcher-worker-6" daemon [_thread_blocked, id=18008, stack(0x0000007fe4200000,0x0000007fe4300000)]
  0x00000252d6b369f0 JavaThread "DefaultDispatcher-worker-7" daemon [_thread_blocked, id=13200, stack(0x0000007fe4300000,0x0000007fe4400000)]
  0x00000252d660a860 JavaThread "DefaultDispatcher-worker-8" daemon [_thread_blocked, id=1996, stack(0x0000007fe4400000,0x0000007fe4500000)]
  0x00000252d3a03e30 JavaThread "RMI Scheduler(0)" daemon [_thread_blocked, id=12292, stack(0x0000007fe1200000,0x0000007fe1300000)]
  0x00000252dc8a01c0 JavaThread "RMI TCP Accept-0" daemon [_thread_in_native, id=14292, stack(0x0000007fe3c00000,0x0000007fe3d00000)]
  0x00000252e3cbdb90 JavaThread "DefaultDispatcher-worker-1" daemon [_thread_blocked, id=13008, stack(0x0000007fe1100000,0x0000007fe1200000)]
  0x00000252e3cbe530 JavaThread "DefaultDispatcher-worker-2" daemon [_thread_blocked, id=9300, stack(0x0000007fe2500000,0x0000007fe2600000)]
  0x00000252dc89d670 JavaThread "DefaultDispatcher-worker-3" daemon [_thread_blocked, id=13920, stack(0x0000007fe2600000,0x0000007fe2700000)]
  0x00000252dc900530 JavaThread "Periodic tasks thread" daemon [_thread_blocked, id=12396, stack(0x0000007fe2900000,0x0000007fe2a00000)]
  0x00000252e50a2d80 JavaThread "ApplicationImpl pooled thread 1" [_thread_blocked, id=9476, stack(0x0000007fe4700000,0x0000007fe4800000)]
  0x00000252dd4109e0 JavaThread "DefaultDispatcher-worker-4" daemon [_thread_blocked, id=16932, stack(0x0000007fe5200000,0x0000007fe5300000)]
  0x00000252ef2c2bb0 JavaThread "RMI GC Daemon" daemon [_thread_blocked, id=20264, stack(0x0000007fe3300000,0x0000007fe3400000)]
  0x00000252ef2c0a00 JavaThread "RMI Reaper" [_thread_blocked, id=9992, stack(0x0000007fe3400000,0x0000007fe3500000)]
  0x00000252dc89fcf0 JavaThread "Daemon Thread 3" [_thread_blocked, id=380, stack(0x0000007fd7300000,0x0000007fd7400000)]
  0x00000252f1abc020 JavaThread "Handler for socket connection from /127.0.0.1:58837 to /127.0.0.1:49788" [_thread_in_native, id=10392, stack(0x0000007fd7400000,0x0000007fd7500000)]
  0x00000252f1abb680 JavaThread "Cancel handler" [_thread_blocked, id=9448, stack(0x0000007fd8900000,0x0000007fd8a00000)]
  0x00000252f1abd360 JavaThread "Daemon worker Thread 3" [_thread_blocked, id=2140, stack(0x0000007fd9100000,0x0000007fd9200000)]
  0x00000252ef6634b0 JavaThread "Asynchronous log dispatcher for DefaultDaemonConnection: socket connection from /127.0.0.1:58837 to /127.0.0.1:49788" [_thread_blocked, id=14844, stack(0x0000007fd9200000,0x0000007fd9300000)]
  0x00000252ef663e50 JavaThread "Stdin handler" [_thread_blocked, id=18664, stack(0x0000007fd9300000,0x0000007fd9400000)]
  0x00000252ef6647f0 JavaThread "Daemon client event forwarder" [_thread_blocked, id=19108, stack(0x0000007fd9400000,0x0000007fd9500000)]
  0x00000252ef664cc0 JavaThread "Cache worker for file hash cache (C:\Users\julie\OneDrive\Escritorio\incluyemeapp\FlutterInlcuyeme\android\.gradle\8.14\fileHashes)" [_thread_blocked, id=13660, stack(0x0000007fd9500000,0x0000007fd9600000)]
  0x00000252e229c870 JavaThread "Cache worker for Build Output Cleanup Cache (C:\Users\julie\OneDrive\Escritorio\incluyemeapp\FlutterInlcuyeme\android\.gradle\buildOutputCleanup)" [_thread_blocked, id=6836, stack(0x0000007fd9600000,0x0000007fd9700000)]
  0x00000252e229bed0 JavaThread "Cache worker for checksums cache (C:\Users\julie\OneDrive\Escritorio\incluyemeapp\FlutterInlcuyeme\android\.gradle\8.14\checksums)" [_thread_blocked, id=9044, stack(0x0000007fd9700000,0x0000007fd9800000)]
  0x00000252e229e080 JavaThread "Cache worker for cache directory md-supplier (C:\Users\julie\.gradle\caches\8.14\md-supplier)" [_thread_blocked, id=7028, stack(0x0000007fd9e00000,0x0000007fd9f00000)]
  0x00000252e229dbb0 JavaThread "Cache worker for cache directory md-rule (C:\Users\julie\.gradle\caches\8.14\md-rule)" [_thread_blocked, id=17540, stack(0x0000007fda000000,0x0000007fda100000)]
  0x00000252e229ea20 JavaThread "Cache worker for Build Output Cleanup Cache (C:\Users\julie\OneDrive\Documentos\flutter_sdk\packages\flutter_tools\gradle\.gradle\buildOutputCleanup)" [_thread_blocked, id=19388, stack(0x0000007fda100000,0x0000007fda200000)]
  0x00000252e229c3a0 JavaThread "Unconstrained build operations" [_thread_blocked, id=4796, stack(0x0000007fda400000,0x0000007fda500000)]
  0x00000252e229b530 JavaThread "Unconstrained build operations Thread 2" [_thread_blocked, id=19828, stack(0x0000007fda600000,0x0000007fda700000)]
  0x00000252e229ba00 JavaThread "Unconstrained build operations Thread 3" [_thread_blocked, id=9004, stack(0x0000007fda700000,0x0000007fda800000)]
  0x00000252e420d2a0 JavaThread "Unconstrained build operations Thread 4" [_thread_blocked, id=8936, stack(0x0000007fda800000,0x0000007fda900000)]
  0x00000252e420a280 JavaThread "Unconstrained build operations Thread 5" [_thread_blocked, id=8736, stack(0x0000007fda900000,0x0000007fdaa00000)]
  0x00000252e420c430 JavaThread "Unconstrained build operations Thread 6" [_thread_blocked, id=20404, stack(0x0000007fdaa00000,0x0000007fdab00000)]
  0x00000252e420a750 JavaThread "Unconstrained build operations Thread 7" [_thread_blocked, id=17656, stack(0x0000007fdab00000,0x0000007fdac00000)]
  0x00000252f1abd830 JavaThread "Unconstrained build operations Thread 8" [_thread_blocked, id=12772, stack(0x0000007fdac00000,0x0000007fdad00000)]
  0x00000252f1abeb70 JavaThread "Unconstrained build operations Thread 9" [_thread_blocked, id=19952, stack(0x0000007fdad00000,0x0000007fdae00000)]
  0x00000252f1abdd00 JavaThread "Unconstrained build operations Thread 10" [_thread_blocked, id=20080, stack(0x0000007fdae00000,0x0000007fdaf00000)]
  0x00000252f1abe1d0 JavaThread "Unconstrained build operations Thread 11" [_thread_blocked, id=3460, stack(0x0000007fdaf00000,0x0000007fdb000000)]
  0x00000252f1abbb50 JavaThread "Unconstrained build operations Thread 12" [_thread_blocked, id=19616, stack(0x0000007fdb000000,0x0000007fdb100000)]
  0x00000252d2012a90 JavaThread "Unconstrained build operations Thread 13" [_thread_blocked, id=9692, stack(0x0000007fdb100000,0x0000007fdb200000)]
  0x00000252d2011c20 JavaThread "Unconstrained build operations Thread 14" [_thread_blocked, id=13272, stack(0x0000007fdb200000,0x0000007fdb300000)]
  0x00000252d2012f60 JavaThread "build event listener" [_thread_blocked, id=18864, stack(0x0000007fdb300000,0x0000007fdb400000)]
  0x00000252ee0abb90 JavaThread "included builds" [_thread_blocked, id=15504, stack(0x0000007fdb400000,0x0000007fdb500000)]
  0x00000252ef2c3080 JavaThread "Execution worker" [_thread_blocked, id=9116, stack(0x0000007fdb500000,0x0000007fdb600000)]
  0x00000252ef2c1870 JavaThread "Execution worker Thread 2" [_thread_blocked, id=15412, stack(0x0000007fdb600000,0x0000007fdb700000)]
  0x00000252ef2c3550 JavaThread "Execution worker Thread 3" [_thread_blocked, id=19040, stack(0x0000007fdb700000,0x0000007fdb800000)]
  0x00000252ef2c3a20 JavaThread "Execution worker Thread 4" [_thread_blocked, id=19992, stack(0x0000007fdb800000,0x0000007fdb900000)]
  0x00000252ef2c13a0 JavaThread "Execution worker Thread 5" [_thread_blocked, id=10860, stack(0x0000007fdb900000,0x0000007fdba00000)]
  0x00000252ef2c0ed0 JavaThread "Execution worker Thread 6" [_thread_blocked, id=20412, stack(0x0000007fdba00000,0x0000007fdbb00000)]
  0x00000252ef2c1d40 JavaThread "Execution worker Thread 7" [_thread_blocked, id=13952, stack(0x0000007fdbb00000,0x0000007fdbc00000)]
  0x00000252ef2c3ef0 JavaThread "Cache worker for execution history cache (C:\Users\julie\OneDrive\Documentos\flutter_sdk\packages\flutter_tools\gradle\.gradle\8.14\executionHistory)" [_thread_blocked, id=16844, stack(0x0000007fdbc00000,0x0000007fdbd00000)]
  0x00000252ef2c43c0 JavaThread "Unconstrained build operations Thread 15" [_thread_blocked, id=180, stack(0x0000007fdbd00000,0x0000007fdbe00000)]
  0x00000252e2f86550 JavaThread "Unconstrained build operations Thread 16" [_thread_blocked, id=8716, stack(0x0000007fdbf00000,0x0000007fdc000000)]
  0x00000252e2f84870 JavaThread "Unconstrained build operations Thread 17" [_thread_blocked, id=19552, stack(0x0000007fdc000000,0x0000007fdc100000)]
  0x00000252e2f84d40 JavaThread "Unconstrained build operations Thread 18" [_thread_blocked, id=5172, stack(0x0000007fdc100000,0x0000007fdc200000)]
  0x00000252ee0aca00 JavaThread "Unconstrained build operations Thread 19" [_thread_blocked, id=17140, stack(0x0000007fdc200000,0x0000007fdc300000)]
  0x00000252f0a552e0 JavaThread "Unconstrained build operations Thread 20" [_thread_blocked, id=20468, stack(0x0000007fdc300000,0x0000007fdc400000)]
  0x00000252f0a54470 JavaThread "Unconstrained build operations Thread 21" [_thread_blocked, id=17252, stack(0x0000007fdc400000,0x0000007fdc500000)]
  0x00000252ee0ac530 JavaThread "Unconstrained build operations Thread 22" [_thread_blocked, id=19948, stack(0x0000007fdc500000,0x0000007fdc600000)]
  0x00000252ee0aad20 JavaThread "Unconstrained build operations Thread 23" [_thread_blocked, id=18492, stack(0x0000007fdc600000,0x0000007fdc700000)]
  0x00000252ee0aa380 JavaThread "Unconstrained build operations Thread 24" [_thread_blocked, id=20004, stack(0x0000007fdc700000,0x0000007fdc800000)]
  0x00000252ee0add40 JavaThread "Unconstrained build operations Thread 25" [_thread_blocked, id=6516, stack(0x0000007fdc800000,0x0000007fdc900000)]
  0x00000252ee0aced0 JavaThread "Unconstrained build operations Thread 26" [_thread_blocked, id=20444, stack(0x0000007fdc900000,0x0000007fdca00000)]
  0x00000252ee0ab1f0 JavaThread "Unconstrained build operations Thread 27" [_thread_blocked, id=9968, stack(0x0000007fdca00000,0x0000007fdcb00000)]
  0x00000252ee0ad3a0 JavaThread "Unconstrained build operations Thread 28" [_thread_blocked, id=18004, stack(0x0000007fdcb00000,0x0000007fdcc00000)]
  0x00000252f033c350 JavaThread "Unconstrained build operations Thread 29" [_thread_blocked, id=13124, stack(0x0000007fdcc00000,0x0000007fdcd00000)]
  0x00000252f033c820 JavaThread "Unconstrained build operations Thread 30" [_thread_blocked, id=19872, stack(0x0000007fdcd00000,0x0000007fdce00000)]
  0x00000252e420b0f0 JavaThread "Unconstrained build operations Thread 31" [_thread_blocked, id=14676, stack(0x0000007fdce00000,0x0000007fdcf00000)]
  0x00000252ede2b220 JavaThread "Unconstrained build operations Thread 32" [_thread_blocked, id=4760, stack(0x0000007fdcf00000,0x0000007fdd000000)]
  0x00000252ede29070 JavaThread "Unconstrained build operations Thread 33" [_thread_blocked, id=8764, stack(0x0000007fdd000000,0x0000007fdd100000)]
  0x00000252ede2c560 JavaThread "Unconstrained build operations Thread 34" [_thread_blocked, id=18856, stack(0x0000007fdd100000,0x0000007fdd200000)]
  0x00000252ede2ca30 JavaThread "Unconstrained build operations Thread 35" [_thread_blocked, id=13992, stack(0x0000007fdd200000,0x0000007fdd300000)]
  0x00000252e2c533b0 JavaThread "Unconstrained build operations Thread 36" [_thread_blocked, id=20024, stack(0x0000007fdd300000,0x0000007fdd400000)]
  0x00000252e2c52ee0 JavaThread "Unconstrained build operations Thread 37" [_thread_blocked, id=14252, stack(0x0000007fdd400000,0x0000007fdd500000)]
  0x00000252e2c52070 JavaThread "Unconstrained build operations Thread 38" [_thread_blocked, id=3752, stack(0x0000007fdd500000,0x0000007fdd600000)]
  0x00000252e5325c20 JavaThread "Unconstrained build operations Thread 39" [_thread_blocked, id=10100, stack(0x0000007fdd600000,0x0000007fdd700000)]
  0x00000252e5322c00 JavaThread "Unconstrained build operations Thread 40" [_thread_blocked, id=9028, stack(0x0000007fdd700000,0x0000007fdd800000)]
  0x00000252e5322260 JavaThread "Unconstrained build operations Thread 41" [_thread_blocked, id=7324, stack(0x0000007fdd800000,0x0000007fdd900000)]
  0x00000252e5322730 JavaThread "Unconstrained build operations Thread 42" [_thread_blocked, id=19436, stack(0x0000007fdd900000,0x0000007fdda00000)]
  0x00000252e5323a70 JavaThread "Unconstrained build operations Thread 43" [_thread_blocked, id=19580, stack(0x0000007fdda00000,0x0000007fddb00000)]
  0x00000252e53230d0 JavaThread "Unconstrained build operations Thread 44" [_thread_blocked, id=18720, stack(0x0000007fddb00000,0x0000007fddc00000)]
  0x00000252d2011280 JavaThread "build event listener" [_thread_blocked, id=9480, stack(0x0000007fddc00000,0x0000007fddd00000)]
  0x00000252dd6c93a0 JavaThread "Unconstrained build operations Thread 45" [_thread_blocked, id=20120, stack(0x0000007fdde00000,0x0000007fddf00000)]
  0x00000252dd6ca210 JavaThread "Unconstrained build operations Thread 46" [_thread_blocked, id=7244, stack(0x0000007fddf00000,0x0000007fde000000)]
  0x00000252dd6c6d20 JavaThread "Unconstrained build operations Thread 47" [_thread_blocked, id=15320, stack(0x0000007fde000000,0x0000007fde100000)]
  0x00000252dd6c76c0 JavaThread "Unconstrained build operations Thread 48" [_thread_blocked, id=16604, stack(0x0000007fde100000,0x0000007fde200000)]
  0x00000252dd6c8060 JavaThread "Unconstrained build operations Thread 49" [_thread_blocked, id=2864, stack(0x0000007fde200000,0x0000007fde300000)]
  0x00000252d5b9da70 JavaThread "Unconstrained build operations Thread 50" [_thread_blocked, id=11496, stack(0x0000007fde300000,0x0000007fde400000)]
  0x00000252d5b9edb0 JavaThread "Unconstrained build operations Thread 51" [_thread_blocked, id=18816, stack(0x0000007fde400000,0x0000007fde500000)]
  0x00000252d20120f0 JavaThread "Unconstrained build operations Thread 52" [_thread_blocked, id=19200, stack(0x0000007fde500000,0x0000007fde600000)]
  0x00000252d20108e0 JavaThread "Unconstrained build operations Thread 53" [_thread_blocked, id=4420, stack(0x0000007fde600000,0x0000007fde700000)]
  0x00000252d2010db0 JavaThread "Unconstrained build operations Thread 54" [_thread_blocked, id=18292, stack(0x0000007fde700000,0x0000007fde800000)]
  0x00000252d2011750 JavaThread "Unconstrained build operations Thread 55" [_thread_blocked, id=16196, stack(0x0000007fde800000,0x0000007fde900000)]
  0x00000252d2013900 JavaThread "Unconstrained build operations Thread 56" [_thread_blocked, id=8972, stack(0x0000007fde900000,0x0000007fdea00000)]
  0x00000252f0a56150 JavaThread "Unconstrained build operations Thread 57" [_thread_blocked, id=14996, stack(0x0000007fdea00000,0x0000007fdeb00000)]
  0x00000252dc032c20 JavaThread "Unconstrained build operations Thread 58" [_thread_blocked, id=9032, stack(0x0000007fdeb00000,0x0000007fdec00000)]
  0x00000252d5ba0a90 JavaThread "Unconstrained build operations Thread 59" [_thread_blocked, id=18160, stack(0x0000007fdec00000,0x0000007fded00000)]
  0x00000252d5b9fc20 JavaThread "Unconstrained build operations Thread 60" [_thread_blocked, id=20296, stack(0x0000007fded00000,0x0000007fdee00000)]
  0x00000252d2010410 JavaThread "Unconstrained build operations Thread 61" [_thread_blocked, id=19524, stack(0x0000007fdee00000,0x0000007fdef00000)]
  0x00000252d200ff40 JavaThread "Unconstrained build operations Thread 62" [_thread_blocked, id=8484, stack(0x0000007fdef00000,0x0000007fdf000000)]
  0x00000252f0a55c80 JavaThread "Unconstrained build operations Thread 63" [_thread_blocked, id=17972, stack(0x0000007fdf000000,0x0000007fdf100000)]
  0x00000252f0a56620 JavaThread "Unconstrained build operations Thread 64" [_thread_blocked, id=20240, stack(0x0000007fdf100000,0x0000007fdf200000)]
  0x00000252ee0ad870 JavaThread "Unconstrained build operations Thread 65" [_thread_blocked, id=19632, stack(0x0000007fdf200000,0x0000007fdf300000)]
  0x00000252edfa0a70 JavaThread "Problems report writer" [_thread_blocked, id=12164, stack(0x0000007fdf300000,0x0000007fdf400000)]
  0x00000252e2f85bb0 JavaThread "Unconstrained build operations Thread 66" [_thread_blocked, id=12196, stack(0x0000007fddd00000,0x0000007fdde00000)]
  0x00000252e2f83a00 JavaThread "Unconstrained build operations Thread 67" [_thread_blocked, id=18924, stack(0x0000007fdf400000,0x0000007fdf500000)]
  0x00000252e2f85210 JavaThread "Unconstrained build operations Thread 68" [_thread_blocked, id=13144, stack(0x0000007fdf700000,0x0000007fdf800000)]
  0x00000252e2f856e0 JavaThread "Unconstrained build operations Thread 69" [_thread_blocked, id=18316, stack(0x0000007fdfe00000,0x0000007fdff00000)]
  0x00000252e2f86080 JavaThread "Unconstrained build operations Thread 70" [_thread_blocked, id=19884, stack(0x0000007fdff00000,0x0000007fe0000000)]
  0x00000252e1c684c0 JavaThread "Unconstrained build operations Thread 71" [_thread_blocked, id=19584, stack(0x0000007fe0000000,0x0000007fe0100000)]
  0x00000252e1c69cd0 JavaThread "Unconstrained build operations Thread 72" [_thread_blocked, id=13208, stack(0x0000007fe0100000,0x0000007fe0200000)]
  0x00000252e1c69800 JavaThread "Unconstrained build operations Thread 73" [_thread_blocked, id=18264, stack(0x0000007fe0200000,0x0000007fe0300000)]
  0x00000252e21c8340 JavaThread "Unconstrained build operations Thread 74" [_thread_blocked, id=9436, stack(0x0000007fe0300000,0x0000007fe0400000)]
  0x00000252e21c8810 JavaThread "Unconstrained build operations Thread 75" [_thread_blocked, id=12504, stack(0x0000007fe0400000,0x0000007fe0500000)]
  0x00000252e21c79a0 JavaThread "Unconstrained build operations Thread 76" [_thread_blocked, id=11456, stack(0x0000007fe0500000,0x0000007fe0600000)]
  0x00000252e21c91b0 JavaThread "Unconstrained build operations Thread 77" [_thread_blocked, id=3052, stack(0x0000007fe0600000,0x0000007fe0700000)]
  0x00000252e2f86a20 JavaThread "Unconstrained build operations Thread 78" [_thread_blocked, id=5864, stack(0x0000007fe0700000,0x0000007fe0800000)]
  0x00000252e1c69330 JavaThread "Unconstrained build operations Thread 79" [_thread_blocked, id=16544, stack(0x0000007fe0800000,0x0000007fe0900000)]
  0x00000252dd50af60 JavaThread "Unconstrained build operations Thread 80" [_thread_blocked, id=20224, stack(0x0000007fe0900000,0x0000007fe0a00000)]
  0x00000252dc7ddc60 JavaThread "Cache worker for execution history cache (C:\Users\julie\OneDrive\Escritorio\incluyemeapp\FlutterInlcuyeme\android\.gradle\8.14\executionHistory)" [_thread_blocked, id=19600, stack(0x0000007fe0b00000,0x0000007fe0c00000)]
  0x00000252d5b9d5a0 JavaThread "WorkerExecutor Queue Thread 3" [_thread_blocked, id=1232, stack(0x0000007fe1000000,0x0000007fe1100000)]
  0x00000252dc7dead0 JavaThread "WorkerExecutor Queue Thread 8" [_thread_blocked, id=11588, stack(0x0000007fe1700000,0x0000007fe1800000)]
  0x00000252dc7dc920 JavaThread "WorkerExecutor Queue Thread 9" [_thread_blocked, id=18484, stack(0x0000007fe1800000,0x0000007fe1900000)]
  0x00000252dc7dc450 JavaThread "Build operations" [_thread_blocked, id=6588, stack(0x0000007fe1b00000,0x0000007fe1c00000)]
  0x00000252dc7dcdf0 JavaThread "Build operations Thread 2" [_thread_blocked, id=19912, stack(0x0000007fe1c00000,0x0000007fe1d00000)]
  0x00000252e5323f40 JavaThread "Build operations Thread 3" [_thread_blocked, id=19012, stack(0x0000007fe1d00000,0x0000007fe1e00000)]
  0x00000252edfa00d0 JavaThread "Build operations Thread 4" [_thread_blocked, id=20408, stack(0x0000007fe1e00000,0x0000007fe1f00000)]
  0x00000252dc7de130 JavaThread "Build operations Thread 5" [_thread_blocked, id=11372, stack(0x0000007fe1f00000,0x0000007fe2000000)]
  0x00000252dc7defa0 JavaThread "Build operations Thread 6" [_thread_blocked, id=11668, stack(0x0000007fe2000000,0x0000007fe2100000)]
  0x00000252dc7dbf80 JavaThread "Build operations Thread 7" [_thread_blocked, id=16008, stack(0x0000007fe2100000,0x0000007fe2200000)]
  0x00000252dc035770 JavaThread "Build operations Thread 8" [_thread_blocked, id=12488, stack(0x0000007fe2300000,0x0000007fe2400000)]
  0x00000252f1241a00 JavaThread "WorkerExecutor Queue Thread 11" [_thread_blocked, id=18984, stack(0x0000007fe1300000,0x0000007fe1400000)]
  0x00000252dd50d110 JavaThread "pool-16-thread-1" [_thread_blocked, id=2656, stack(0x0000007fe2200000,0x0000007fe2300000)]
  0x00000252f1b7ca20 JavaThread "stderr" [_thread_in_native, id=14152, stack(0x0000007fe1400000,0x0000007fe1500000)]
  0x00000252e2c59150 JavaThread "stdout" [_thread_in_native, id=12536, stack(0x0000007fe2400000,0x0000007fe2500000)]
  0x00000252f1244550 JavaThread "stderr" [_thread_in_native, id=19088, stack(0x0000007fe4a00000,0x0000007fe4b00000)]
  0x00000252f1242d40 JavaThread "stdout" [_thread_in_native, id=17896, stack(0x0000007fe4c00000,0x0000007fe4d00000)]
  0x00000252dd50c2a0 JavaThread "stderr" [_thread_in_native, id=12156, stack(0x0000007fe4d00000,0x0000007fe4e00000)]
  0x00000252dd50cc40 JavaThread "stdout" [_thread_in_native, id=16584, stack(0x0000007fe5100000,0x0000007fe5200000)]
  0x00000252d0564fa0 JavaThread "stderr" [_thread_in_native, id=17564, stack(0x0000007fe5300000,0x0000007fe5400000)]
  0x00000252d0564130 JavaThread "stdout" [_thread_in_native, id=17500, stack(0x0000007fe5400000,0x0000007fe5500000)]
  0x00000252dba9ba20 JavaThread "stderr" [_thread_in_native, id=9784, stack(0x0000007fe5500000,0x0000007fe5600000)]
  0x00000252dba993a0 JavaThread "stdout" [_thread_in_native, id=17420, stack(0x0000007fe5600000,0x0000007fe5700000)]
  0x00000252d0565470 JavaThread "stderr" [_thread_in_native, id=19608, stack(0x0000007fe5700000,0x0000007fe5800000)]
  0x00000252e2c57470 JavaThread "stdout" [_thread_in_native, id=15452, stack(0x0000007fe5800000,0x0000007fe5900000)]
  0x00000252d0565940 JavaThread "stderr" [_thread_in_native, id=20116, stack(0x0000007fe5900000,0x0000007fe5a00000)]
  0x00000252d0563790 JavaThread "stdout" [_thread_in_native, id=20460, stack(0x0000007fe5a00000,0x0000007fe5b00000)]
  0x00000252e2c59620 JavaThread "RMI RenewClean-[127.0.0.1:17183,org.jetbrains.kotlin.daemon.common.LoopbackNetworkInterface$ClientLoopbackSocketFactory@11c941f1]" daemon [_thread_blocked, id=8744, stack(0x0000007fe5e00000,0x0000007fe5f00000)]
  0x00000252dd50d5e0 JavaThread "ForkJoinPool.commonPool-worker-16" daemon [_thread_blocked, id=19100, stack(0x0000007fe0f00000,0x0000007fe1000000)]
  0x00000252edc4d630 JavaThread "WorkerExecutor Queue Thread 14" [_thread_blocked, id=2128, stack(0x0000007fe6000000,0x0000007fe6100000)]
  0x00000252e5808870 JavaThread "WorkerExecutor Queue Thread 15" [_thread_blocked, id=19984, stack(0x0000007fe1500000,0x0000007fe1600000)]
  0x00000252d458b390 JavaThread "ForkJoinPool.commonPool-worker-17" daemon [_thread_blocked, id=19164, stack(0x0000007fe5c00000,0x0000007fe5d00000)]
  0x00000252e2a5e440 JavaThread "ForkJoinPool-5-worker-1" daemon [_thread_blocked, id=5652, stack(0x0000007fe1600000,0x0000007fe1700000)]
  0x00000252e2c5a490 JavaThread "ForkJoinPool-5-worker-3" daemon [_thread_blocked, id=1384, stack(0x0000007fe5d00000,0x0000007fe5e00000)]
  0x00000252e2a5df70 JavaThread "ForkJoinPool-5-worker-2" daemon [_thread_blocked, id=8476, stack(0x0000007fe5f00000,0x0000007fe6000000)]
  0x00000252dc902210 JavaThread "ForkJoinPool-5-worker-4" daemon [_thread_blocked, id=12704, stack(0x0000007fe6300000,0x0000007fe6400000)]
  0x00000252f12436e0 JavaThread "ForkJoinPool-5-worker-5" daemon [_thread_blocked, id=11880, stack(0x0000007fe6400000,0x0000007fe6500000)]
  0x00000252dd50a0f0 JavaThread "ForkJoinPool-5-worker-6" daemon [_thread_blocked, id=20072, stack(0x0000007fe6500000,0x0000007fe6600000)]
  0x00000252edfa0f40 JavaThread "ForkJoinPool-5-worker-7" daemon [_thread_blocked, id=14804, stack(0x0000007fe6600000,0x0000007fe6700000)]
  0x00000252ef705200 JavaThread "ForkJoinPool-5-worker-8" daemon [_thread_blocked, id=15356, stack(0x0000007fe6700000,0x0000007fe6800000)]
  0x00000252e2c582e0 JavaThread "WorkerExecutor Queue Thread 17" [_thread_blocked, id=10128, stack(0x0000007fe6a00000,0x0000007fe6b00000)]
  0x00000252ef706070 JavaThread "WorkerExecutor Queue Thread 18" [_thread_blocked, id=11568, stack(0x0000007fe0e00000,0x0000007fe0f00000)]
=>0x00000252ee011470 JavaThread "C2 CompilerThread1" daemon [_thread_in_native, id=18516, stack(0x0000007fe0a00000,0x0000007fe0b00000)]
  0x00000252e537b4a0 JavaThread "C2 CompilerThread2" daemon [_thread_in_native, id=20368, stack(0x0000007fe0c00000,0x0000007fe0d00000)]
  0x00000252d7598c20 JavaThread "RMI TCP Connection(24)-127.0.0.1" daemon [_thread_in_native, id=19236, stack(0x0000007fe0d00000,0x0000007fe0e00000)]

Other Threads:
  0x00000252c91eb060 VMThread "VM Thread" [stack: 0x0000007fd7c00000,0x0000007fd7d00000] [id=15216] _threads_hazard_ptr=0x00000252f30d2920
  0x000002528e30ad70 WatcherThread "VM Periodic Task Thread" [stack: 0x0000007fd8800000,0x0000007fd8900000] [id=15232]
  0x000002528e3bdb00 WorkerThread "GC Thread#0" [stack: 0x0000007fd7700000,0x0000007fd7800000] [id=16436]
  0x00000252d0420860 WorkerThread "GC Thread#1" [stack: 0x0000007fd8a00000,0x0000007fd8b00000] [id=16176]
  0x00000252d032ca80 WorkerThread "GC Thread#2" [stack: 0x0000007fd8b00000,0x0000007fd8c00000] [id=11092]
  0x00000252d0799320 WorkerThread "GC Thread#3" [stack: 0x0000007fd8d00000,0x0000007fd8e00000] [id=17456]
  0x00000252d07995c0 WorkerThread "GC Thread#4" [stack: 0x0000007fd8e00000,0x0000007fd8f00000] [id=17580]
  0x00000252d296bcf0 WorkerThread "GC Thread#5" [stack: 0x0000007fd9b00000,0x0000007fd9c00000] [id=11340]
  0x00000252d1e88460 WorkerThread "GC Thread#6" [stack: 0x0000007fd9c00000,0x0000007fd9d00000] [id=14488]
  0x00000252d2286500 WorkerThread "GC Thread#7" [stack: 0x0000007fd9d00000,0x0000007fd9e00000] [id=10168]
  0x000002528e3be910 ConcurrentGCThread "G1 Main Marker" [stack: 0x0000007fd7800000,0x0000007fd7900000] [id=7300]
  0x00000252c91a1010 WorkerThread "G1 Conc#0" [stack: 0x0000007fd7900000,0x0000007fd7a00000] [id=9464]
  0x00000252d4a7bcf0 WorkerThread "G1 Conc#1" [stack: 0x0000007fd9f00000,0x0000007fda000000] [id=8644]
  0x00000252c9201180 ConcurrentGCThread "G1 Refine#0" [stack: 0x0000007fd7a00000,0x0000007fd7b00000] [id=6312]
  0x00000252e191a940 ConcurrentGCThread "G1 Refine#1" [stack: 0x0000007fe4800000,0x0000007fe4900000] [id=10572]
  0x00000252e1918780 ConcurrentGCThread "G1 Refine#2" [stack: 0x0000007fe4900000,0x0000007fe4a00000] [id=3820]
  0x00000252e1918ff0 ConcurrentGCThread "G1 Refine#3" [stack: 0x0000007fe4b00000,0x0000007fe4c00000] [id=6168]
  0x00000252e1a05840 ConcurrentGCThread "G1 Refine#4" [stack: 0x0000007fd7500000,0x0000007fd7600000] [id=5780]
  0x00000252e1a04fd0 ConcurrentGCThread "G1 Refine#5" [stack: 0x0000007fe4e00000,0x0000007fe4f00000] [id=12720]
  0x00000252e1a05570 ConcurrentGCThread "G1 Refine#6" [stack: 0x0000007fe4f00000,0x0000007fe5000000] [id=9472]
  0x00000252d5c39de0 ConcurrentGCThread "G1 Refine#7" [stack: 0x0000007fe5000000,0x0000007fe5100000] [id=14604]
  0x00000252c9202850 ConcurrentGCThread "G1 Service" [stack: 0x0000007fd7b00000,0x0000007fd7c00000] [id=5364]

Threads with active compile tasks:
C2 CompilerThread0  10691257 101765       4       com.android.tools.r8.internal.Vb0::a (579 bytes)
C1 CompilerThread0  10691257 101846       3       java.util.IdentityHashMap$ValueSpliterator::forEachRemaining (114 bytes)
C2 CompilerThread1  10691257 101736   !   4       com.android.tools.r8.internal.Vb0::a (933 bytes)
C2 CompilerThread2  10691257 101781       4       com.android.tools.r8.internal.kq0::a (632 bytes)

VM state: synchronizing (normal execution)

VM Mutex/Monitor currently owned by a thread:  ([mutex/lock_event])
[0x000002528e306810] MethodCompileQueue_lock - owner thread: 0x00000252c93794f0
[0x000002528e309540] CodeCache_lock - owner thread: 0x00000252c93794f0
[0x000002528e308e80] Threads_lock - owner thread: 0x00000252c91eb060
[0x000002528e308580] Compile_lock - owner thread: 0x00000252c93794f0

Heap address: 0x0000000600000000, size: 8192 MB, Compressed Oops mode: Zero based, Oop shift amount: 3

CDS archive(s) mapped at: [0x0000000800000000-0x0000000800ba0000-0x0000000800ba0000), size 12189696, SharedBaseAddress: 0x0000000800000000, ArchiveRelocationMode: 0.
Compressed class space mapped at: 0x0000000800c00000-0x0000000840c00000, reserved size: 1073741824
Narrow klass base: 0x0000000800000000, Narrow klass shift: 0, Narrow klass range: 0x100000000

GC Precious Log:
 CardTable entry size: 512
 Card Set container configuration: InlinePtr #cards 4 size 8 Array Of Cards #cards 32 size 80 Howl #buckets 8 coarsen threshold 7372 Howl Bitmap #cards 1024 size 144 coarsen threshold 921 Card regions per heap region 1 cards per card region 8192
 CPUs: 8 total, 8 available
 Memory: 7886M
 Large Page Support: Disabled
 NUMA Support: Disabled
 Compressed Oops: Enabled (Zero based)
 Heap Region Size: 4M
 Heap Min Capacity: 8M
 Heap Initial Capacity: 124M
 Heap Max Capacity: 8G
 Pre-touch: Disabled
 Parallel Workers: 8
 Concurrent Workers: 2
 Concurrent Refinement Workers: 8
 Periodic GC: Disabled

Heap:
 garbage-first heap   total 6750208K, used 2830113K [0x0000000600000000, 0x0000000800000000)
  region size 4096K, 334 young (1368064K), 11 survivors (45056K)
 Metaspace       used 463270K, committed 467264K, reserved 1507328K
  class space    used 56679K, committed 58688K, reserved 1048576K

Heap Regions: E=young(eden), S=young(survivor), O=old, HS=humongous(starts), HC=humongous(continues), CS=collection set, F=free, OA=open archive, CA=closed archive, TAMS=top-at-mark-start (previous, next)
|   0|0x0000000600000000, 0x0000000600400000, 0x0000000600400000|100%|HS|  |TAMS 0x0000000600400000, 0x0000000600400000| Complete 
|   1|0x0000000600400000, 0x0000000600800000, 0x0000000600800000|100%| O|  |TAMS 0x0000000600800000, 0x0000000600800000| Untracked 
|   2|0x0000000600800000, 0x0000000600c00000, 0x0000000600c00000|100%| O|  |TAMS 0x0000000600c00000, 0x0000000600c00000| Untracked 
|   3|0x0000000600c00000, 0x0000000600fbd480, 0x0000000601000000| 93%| O|  |TAMS 0x0000000600fbd480, 0x0000000600fbd480| Untracked 
|   4|0x0000000601000000, 0x00000006013fffd8, 0x0000000601400000| 99%| O|  |TAMS 0x00000006013fffd8, 0x00000006013fffd8| Untracked 
|   5|0x0000000601400000, 0x00000006017f8f78, 0x0000000601800000| 99%| O|  |TAMS 0x00000006017f8f78, 0x00000006017f8f78| Untracked 
|   6|0x0000000601800000, 0x0000000601c00000, 0x0000000601c00000|100%|HS|  |TAMS 0x0000000601c00000, 0x0000000601c00000| Complete 
|   7|0x0000000601c00000, 0x0000000601ffff90, 0x0000000602000000| 99%| O|  |TAMS 0x0000000601ffff90, 0x0000000601ffff90| Untracked 
|   8|0x0000000602000000, 0x0000000602400000, 0x0000000602400000|100%| O|  |TAMS 0x0000000602400000, 0x0000000602400000| Untracked 
|   9|0x0000000602400000, 0x00000006027ffff0, 0x0000000602800000| 99%| O|  |TAMS 0x00000006027ffff0, 0x00000006027ffff0| Untracked 
|  10|0x0000000602800000, 0x0000000602bfffc8, 0x0000000602c00000| 99%| O|  |TAMS 0x0000000602bfffc8, 0x0000000602bfffc8| Untracked 
|  11|0x0000000602c00000, 0x0000000603000000, 0x0000000603000000|100%|HS|  |TAMS 0x0000000603000000, 0x0000000603000000| Complete 
|  12|0x0000000603000000, 0x00000006033fffe8, 0x0000000603400000| 99%| O|  |TAMS 0x00000006033fffe8, 0x00000006033fffe8| Untracked 
|  13|0x0000000603400000, 0x00000006037fff88, 0x0000000603800000| 99%| O|  |TAMS 0x00000006037fff88, 0x00000006037fff88| Untracked 
|  14|0x0000000603800000, 0x0000000603be9ea8, 0x0000000603c00000| 97%| O|  |TAMS 0x0000000603be9ea8, 0x0000000603be9ea8| Untracked 
|  15|0x0000000603c00000, 0x0000000603ffc258, 0x0000000604000000| 99%| O|  |TAMS 0x0000000603ffc258, 0x0000000603ffc258| Untracked 
|  16|0x0000000604000000, 0x00000006043fffc0, 0x0000000604400000| 99%| O|  |TAMS 0x00000006043fffc0, 0x00000006043fffc0| Untracked 
|  17|0x0000000604400000, 0x00000006047fed10, 0x0000000604800000| 99%| O|  |TAMS 0x00000006047fed10, 0x00000006047fed10| Untracked 
|  18|0x0000000604800000, 0x0000000604bfffc8, 0x0000000604c00000| 99%| O|  |TAMS 0x0000000604bfffc8, 0x0000000604bfffc8| Untracked 
|  19|0x0000000604c00000, 0x0000000605000000, 0x0000000605000000|100%| O|  |TAMS 0x0000000605000000, 0x0000000605000000| Untracked 
|  20|0x0000000605000000, 0x00000006053fffe0, 0x0000000605400000| 99%| O|  |TAMS 0x00000006053fffe0, 0x00000006053fffe0| Untracked 
|  21|0x0000000605400000, 0x00000006057fe470, 0x0000000605800000| 99%| O|  |TAMS 0x00000006057fe470, 0x00000006057fe470| Untracked 
|  22|0x0000000605800000, 0x0000000605bfffd8, 0x0000000605c00000| 99%| O|  |TAMS 0x0000000605bfffd8, 0x0000000605bfffd8| Untracked 
|  23|0x0000000605c00000, 0x0000000606000000, 0x0000000606000000|100%| O|  |TAMS 0x0000000606000000, 0x0000000606000000| Untracked 
|  24|0x0000000606000000, 0x00000006063ffff0, 0x0000000606400000| 99%| O|  |TAMS 0x00000006063ffff0, 0x00000006063ffff0| Untracked 
|  25|0x0000000606400000, 0x00000006067ff158, 0x0000000606800000| 99%| O|  |TAMS 0x00000006067ff158, 0x00000006067ff158| Untracked 
|  26|0x0000000606800000, 0x0000000606c00000, 0x0000000606c00000|100%| O|  |TAMS 0x0000000606c00000, 0x0000000606c00000| Untracked 
|  27|0x0000000606c00000, 0x0000000607000000, 0x0000000607000000|100%| O|  |TAMS 0x0000000607000000, 0x0000000607000000| Untracked 
|  28|0x0000000607000000, 0x00000006073ffff0, 0x0000000607400000| 99%| O|  |TAMS 0x00000006073ffff0, 0x00000006073ffff0| Untracked 
|  29|0x0000000607400000, 0x00000006077fffe8, 0x0000000607800000| 99%| O|  |TAMS 0x00000006077fffe8, 0x00000006077fffe8| Untracked 
|  30|0x0000000607800000, 0x0000000607c00000, 0x0000000607c00000|100%| O|  |TAMS 0x0000000607c00000, 0x0000000607c00000| Untracked 
|  31|0x0000000607c00000, 0x0000000607fffff8, 0x0000000608000000| 99%| O|  |TAMS 0x0000000607fffff8, 0x0000000607fffff8| Untracked 
|  32|0x0000000608000000, 0x00000006083fffd8, 0x0000000608400000| 99%| O|  |TAMS 0x00000006083fffd8, 0x00000006083fffd8| Untracked 
|  33|0x0000000608400000, 0x00000006086702a0, 0x0000000608800000| 60%| O|  |TAMS 0x00000006086702a0, 0x00000006086702a0| Untracked 
|  34|0x0000000608800000, 0x0000000608bffff8, 0x0000000608c00000| 99%| O|  |TAMS 0x0000000608bffff8, 0x0000000608bffff8| Untracked 
|  35|0x0000000608c00000, 0x0000000608ffffe8, 0x0000000609000000| 99%| O|  |TAMS 0x0000000608ffffe8, 0x0000000608ffffe8| Untracked 
|  36|0x0000000609000000, 0x00000006093fffa8, 0x0000000609400000| 99%| O|  |TAMS 0x00000006093fffa8, 0x00000006093fffa8| Untracked 
|  37|0x0000000609400000, 0x0000000609800000, 0x0000000609800000|100%| O|  |TAMS 0x0000000609800000, 0x0000000609800000| Untracked 
|  38|0x0000000609800000, 0x0000000609bfffe8, 0x0000000609c00000| 99%| O|  |TAMS 0x0000000609bfffe8, 0x0000000609bfffe8| Untracked 
|  39|0x0000000609c00000, 0x000000060a000000, 0x000000060a000000|100%| O|  |TAMS 0x0000000609c00000, 0x000000060a000000| Untracked 
|  40|0x000000060a000000, 0x000000060a2ca4e0, 0x000000060a400000| 69%| O|  |TAMS 0x000000060a2ca4e0, 0x000000060a2ca4e0| Untracked 
|  41|0x000000060a400000, 0x000000060a7fff90, 0x000000060a800000| 99%| O|  |TAMS 0x000000060a7fff90, 0x000000060a7fff90| Untracked 
|  42|0x000000060a800000, 0x000000060ac00000, 0x000000060ac00000|100%| O|  |TAMS 0x000000060ac00000, 0x000000060ac00000| Untracked 
|  43|0x000000060ac00000, 0x000000060b000000, 0x000000060b000000|100%|HS|  |TAMS 0x000000060b000000, 0x000000060b000000| Complete 
|  44|0x000000060b000000, 0x000000060b3fffd0, 0x000000060b400000| 99%| O|  |TAMS 0x000000060b3fffd0, 0x000000060b3fffd0| Untracked 
|  45|0x000000060b400000, 0x000000060b7fffe8, 0x000000060b800000| 99%| O|  |TAMS 0x000000060b7fffe8, 0x000000060b7fffe8| Untracked 
|  46|0x000000060b800000, 0x000000060bc00000, 0x000000060bc00000|100%|HS|  |TAMS 0x000000060bc00000, 0x000000060bc00000| Complete 
|  47|0x000000060bc00000, 0x000000060c000000, 0x000000060c000000|100%|HS|  |TAMS 0x000000060c000000, 0x000000060c000000| Complete 
|  48|0x000000060c000000, 0x000000060c3ffff8, 0x000000060c400000| 99%| O|  |TAMS 0x000000060c3ffff8, 0x000000060c3ffff8| Untracked 
|  49|0x000000060c400000, 0x000000060c800000, 0x000000060c800000|100%| O|  |TAMS 0x000000060c400000, 0x000000060c800000| Untracked 
|  50|0x000000060c800000, 0x000000060cac8308, 0x000000060cc00000| 69%| O|  |TAMS 0x000000060cac8308, 0x000000060cac8308| Untracked 
|  51|0x000000060cc00000, 0x000000060cffffe8, 0x000000060d000000| 99%| O|  |TAMS 0x000000060cffffe8, 0x000000060cffffe8| Untracked 
|  52|0x000000060d000000, 0x000000060d234ef8, 0x000000060d400000| 55%| O|  |TAMS 0x000000060d234ef8, 0x000000060d234ef8| Untracked 
|  53|0x000000060d400000, 0x000000060d800000, 0x000000060d800000|100%| O|  |TAMS 0x000000060d400000, 0x000000060d800000| Untracked 
|  54|0x000000060d800000, 0x000000060dbde438, 0x000000060dc00000| 96%| O|  |TAMS 0x000000060dbde438, 0x000000060dbde438| Untracked 
|  55|0x000000060dc00000, 0x000000060dfffff8, 0x000000060e000000| 99%| O|  |TAMS 0x000000060dfffff8, 0x000000060dfffff8| Untracked 
|  56|0x000000060e000000, 0x000000060e400000, 0x000000060e400000|100%| O|  |TAMS 0x000000060e000000, 0x000000060e400000| Untracked 
|  57|0x000000060e400000, 0x000000060e800000, 0x000000060e800000|100%| O|  |TAMS 0x000000060e400000, 0x000000060e800000| Untracked 
|  58|0x000000060e800000, 0x000000060ec00000, 0x000000060ec00000|100%| O|  |TAMS 0x000000060e800000, 0x000000060ec00000| Untracked 
|  59|0x000000060ec00000, 0x000000060f000000, 0x000000060f000000|100%| O|  |TAMS 0x000000060ec00000, 0x000000060f000000| Untracked 
|  60|0x000000060f000000, 0x000000060f400000, 0x000000060f400000|100%| O|  |TAMS 0x000000060f000000, 0x000000060f242600| Untracked 
|  61|0x000000060f400000, 0x000000060f800000, 0x000000060f800000|100%| O|  |TAMS 0x000000060f400000, 0x000000060f400000| Untracked 
|  62|0x000000060f800000, 0x000000060fc00000, 0x000000060fc00000|100%| O|  |TAMS 0x000000060f800000, 0x000000060fc00000| Untracked 
|  63|0x000000060fc00000, 0x0000000610000000, 0x0000000610000000|100%| O|  |TAMS 0x0000000610000000, 0x0000000610000000| Untracked 
|  64|0x0000000610000000, 0x0000000610400000, 0x0000000610400000|100%| O|  |TAMS 0x0000000610000000, 0x0000000610400000| Untracked 
|  65|0x0000000610400000, 0x0000000610800000, 0x0000000610800000|100%| O|  |TAMS 0x0000000610400000, 0x0000000610800000| Untracked 
|  66|0x0000000610800000, 0x0000000610c00000, 0x0000000610c00000|100%| O|  |TAMS 0x0000000610800000, 0x0000000610c00000| Untracked 
|  67|0x0000000610c00000, 0x0000000611000000, 0x0000000611000000|100%| O|  |TAMS 0x0000000610c00000, 0x0000000611000000| Untracked 
|  68|0x0000000611000000, 0x0000000611400000, 0x0000000611400000|100%| O|  |TAMS 0x0000000611000000, 0x0000000611400000| Untracked 
|  69|0x0000000611400000, 0x0000000611800000, 0x0000000611800000|100%| O|  |TAMS 0x0000000611400000, 0x0000000611800000| Untracked 
|  70|0x0000000611800000, 0x0000000611ac56c8, 0x0000000611c00000| 69%| O|  |TAMS 0x0000000611ac56c8, 0x0000000611ac56c8| Untracked 
|  71|0x0000000611c00000, 0x0000000612000000, 0x0000000612000000|100%| O|  |TAMS 0x0000000611c00000, 0x0000000612000000| Untracked 
|  72|0x0000000612000000, 0x0000000612400000, 0x0000000612400000|100%| O|  |TAMS 0x0000000612000000, 0x0000000612400000| Untracked 
|  73|0x0000000612400000, 0x0000000612800000, 0x0000000612800000|100%| O|  |TAMS 0x0000000612400000, 0x0000000612800000| Untracked 
|  74|0x0000000612800000, 0x0000000612c00000, 0x0000000612c00000|100%| O|  |TAMS 0x0000000612800000, 0x0000000612c00000| Untracked 
|  75|0x0000000612c00000, 0x0000000613000000, 0x0000000613000000|100%| O|  |TAMS 0x0000000612c00000, 0x0000000613000000| Untracked 
|  76|0x0000000613000000, 0x0000000613400000, 0x0000000613400000|100%| O|  |TAMS 0x0000000613000000, 0x0000000613400000| Untracked 
|  77|0x0000000613400000, 0x0000000613800000, 0x0000000613800000|100%| O|  |TAMS 0x0000000613400000, 0x0000000613800000| Untracked 
|  78|0x0000000613800000, 0x0000000613c00000, 0x0000000613c00000|100%| O|  |TAMS 0x0000000613800000, 0x0000000613c00000| Untracked 
|  79|0x0000000613c00000, 0x0000000614000000, 0x0000000614000000|100%| O|  |TAMS 0x0000000613c00000, 0x0000000614000000| Untracked 
|  80|0x0000000614000000, 0x0000000614400000, 0x0000000614400000|100%| O|  |TAMS 0x0000000614000000, 0x0000000614400000| Untracked 
|  81|0x0000000614400000, 0x0000000614800000, 0x0000000614800000|100%| O|  |TAMS 0x0000000614400000, 0x0000000614800000| Untracked 
|  82|0x0000000614800000, 0x0000000614c00000, 0x0000000614c00000|100%| O|  |TAMS 0x0000000614800000, 0x0000000614800000| Untracked 
|  83|0x0000000614c00000, 0x0000000615000000, 0x0000000615000000|100%| O|  |TAMS 0x0000000614c00000, 0x0000000614c00000| Untracked 
|  84|0x0000000615000000, 0x0000000615400000, 0x0000000615400000|100%| O|  |TAMS 0x0000000615000000, 0x0000000615000000| Untracked 
|  85|0x0000000615400000, 0x0000000615800000, 0x0000000615800000|100%| O|  |TAMS 0x0000000615400000, 0x0000000615400000| Untracked 
|  86|0x0000000615800000, 0x0000000615c00000, 0x0000000615c00000|100%| O|  |TAMS 0x0000000615800000, 0x0000000615c00000| Untracked 
|  87|0x0000000615c00000, 0x0000000616000000, 0x0000000616000000|100%| O|  |TAMS 0x0000000615c00000, 0x0000000616000000| Untracked 
|  88|0x0000000616000000, 0x0000000616400000, 0x0000000616400000|100%| O|  |TAMS 0x0000000616000000, 0x0000000616000000| Untracked 
|  89|0x0000000616400000, 0x0000000616800000, 0x0000000616800000|100%| O|  |TAMS 0x0000000616400000, 0x0000000616400000| Untracked 
|  90|0x0000000616800000, 0x0000000616c00000, 0x0000000616c00000|100%| O|  |TAMS 0x0000000616800000, 0x0000000616800000| Untracked 
|  91|0x0000000616c00000, 0x0000000617000000, 0x0000000617000000|100%| O|  |TAMS 0x0000000616c00000, 0x0000000616c00000| Untracked 
|  92|0x0000000617000000, 0x0000000617400000, 0x0000000617400000|100%| O|  |TAMS 0x0000000617000000, 0x0000000617000000| Untracked 
|  93|0x0000000617400000, 0x0000000617800000, 0x0000000617800000|100%| O|  |TAMS 0x0000000617400000, 0x0000000617400000| Untracked 
|  94|0x0000000617800000, 0x0000000617c00000, 0x0000000617c00000|100%| O|  |TAMS 0x0000000617800000, 0x0000000617800000| Untracked 
|  95|0x0000000617c00000, 0x0000000618000000, 0x0000000618000000|100%| O|  |TAMS 0x0000000617c00000, 0x0000000617c00000| Untracked 
|  96|0x0000000618000000, 0x0000000618400000, 0x0000000618400000|100%| O|  |TAMS 0x0000000618000000, 0x0000000618000000| Untracked 
|  97|0x0000000618400000, 0x0000000618800000, 0x0000000618800000|100%| O|  |TAMS 0x0000000618400000, 0x0000000618400000| Untracked 
|  98|0x0000000618800000, 0x0000000618c00000, 0x0000000618c00000|100%| O|  |TAMS 0x0000000618800000, 0x0000000618800000| Untracked 
|  99|0x0000000618c00000, 0x0000000619000000, 0x0000000619000000|100%| O|  |TAMS 0x0000000618c00000, 0x0000000618c00000| Untracked 
| 100|0x0000000619000000, 0x0000000619400000, 0x0000000619400000|100%| O|  |TAMS 0x0000000619000000, 0x0000000619000000| Untracked 
| 101|0x0000000619400000, 0x0000000619800000, 0x0000000619800000|100%| O|  |TAMS 0x0000000619400000, 0x0000000619400000| Untracked 
| 102|0x0000000619800000, 0x0000000619c00000, 0x0000000619c00000|100%| O|  |TAMS 0x0000000619800000, 0x0000000619800000| Untracked 
| 103|0x0000000619c00000, 0x000000061a000000, 0x000000061a000000|100%| O|  |TAMS 0x0000000619c00000, 0x0000000619c00000| Untracked 
| 104|0x000000061a000000, 0x000000061a400000, 0x000000061a400000|100%| O|  |TAMS 0x000000061a000000, 0x000000061a000000| Untracked 
| 105|0x000000061a400000, 0x000000061a800000, 0x000000061a800000|100%| O|  |TAMS 0x000000061a400000, 0x000000061a400000| Untracked 
| 106|0x000000061a800000, 0x000000061ac00000, 0x000000061ac00000|100%| O|  |TAMS 0x000000061a800000, 0x000000061a800000| Untracked 
| 107|0x000000061ac00000, 0x000000061b000000, 0x000000061b000000|100%| O|  |TAMS 0x000000061ac00000, 0x000000061ac00000| Untracked 
| 108|0x000000061b000000, 0x000000061b400000, 0x000000061b400000|100%|HS|  |TAMS 0x000000061b400000, 0x000000061b400000| Complete 
| 109|0x000000061b400000, 0x000000061b800000, 0x000000061b800000|100%|HC|  |TAMS 0x000000061b800000, 0x000000061b800000| Complete 
| 110|0x000000061b800000, 0x000000061bc00000, 0x000000061bc00000|100%| O|  |TAMS 0x000000061b800000, 0x000000061b800000| Untracked 
| 111|0x000000061bc00000, 0x000000061c000000, 0x000000061c000000|100%| O|  |TAMS 0x000000061bc00000, 0x000000061bc00000| Untracked 
| 112|0x000000061c000000, 0x000000061c400000, 0x000000061c400000|100%| O|  |TAMS 0x000000061c000000, 0x000000061c000000| Untracked 
| 113|0x000000061c400000, 0x000000061c800000, 0x000000061c800000|100%| O|  |TAMS 0x000000061c400000, 0x000000061c400000| Untracked 
| 114|0x000000061c800000, 0x000000061cc00000, 0x000000061cc00000|100%| O|  |TAMS 0x000000061c800000, 0x000000061c800000| Untracked 
| 115|0x000000061cc00000, 0x000000061d000000, 0x000000061d000000|100%| O|  |TAMS 0x000000061cc00000, 0x000000061cc00000| Untracked 
| 116|0x000000061d000000, 0x000000061d400000, 0x000000061d400000|100%| O|  |TAMS 0x000000061d000000, 0x000000061d000000| Untracked 
| 117|0x000000061d400000, 0x000000061d800000, 0x000000061d800000|100%| O|  |TAMS 0x000000061d400000, 0x000000061d400000| Untracked 
| 118|0x000000061d800000, 0x000000061dc00000, 0x000000061dc00000|100%| O|  |TAMS 0x000000061d800000, 0x000000061d800000| Untracked 
| 119|0x000000061dc00000, 0x000000061e000000, 0x000000061e000000|100%| O|  |TAMS 0x000000061dc00000, 0x000000061dc00000| Untracked 
| 120|0x000000061e000000, 0x000000061e400000, 0x000000061e400000|100%| O|  |TAMS 0x000000061e000000, 0x000000061e000000| Untracked 
| 121|0x000000061e400000, 0x000000061e800000, 0x000000061e800000|100%| O|  |TAMS 0x000000061e400000, 0x000000061e400000| Untracked 
| 122|0x000000061e800000, 0x000000061ec00000, 0x000000061ec00000|100%| O|  |TAMS 0x000000061e800000, 0x000000061e800000| Untracked 
| 123|0x000000061ec00000, 0x000000061f000000, 0x000000061f000000|100%| O|  |TAMS 0x000000061ec00000, 0x000000061ec00000| Untracked 
| 124|0x000000061f000000, 0x000000061f400000, 0x000000061f400000|100%| O|  |TAMS 0x000000061f000000, 0x000000061f000000| Untracked 
| 125|0x000000061f400000, 0x000000061f800000, 0x000000061f800000|100%| O|  |TAMS 0x000000061f400000, 0x000000061f400000| Untracked 
| 126|0x000000061f800000, 0x000000061fc00000, 0x000000061fc00000|100%| O|  |TAMS 0x000000061f800000, 0x000000061f800000| Untracked 
| 127|0x000000061fc00000, 0x0000000620000000, 0x0000000620000000|100%| O|  |TAMS 0x000000061fc00000, 0x000000061fc00000| Untracked 
| 128|0x0000000620000000, 0x0000000620400000, 0x0000000620400000|100%| O|  |TAMS 0x0000000620000000, 0x0000000620000000| Untracked 
| 129|0x0000000620400000, 0x0000000620800000, 0x0000000620800000|100%| O|  |TAMS 0x0000000620400000, 0x0000000620400000| Untracked 
| 130|0x0000000620800000, 0x0000000620c00000, 0x0000000620c00000|100%| O|  |TAMS 0x0000000620800000, 0x0000000620800000| Untracked 
| 131|0x0000000620c00000, 0x0000000621000000, 0x0000000621000000|100%| O|  |TAMS 0x0000000620c00000, 0x0000000620c00000| Untracked 
| 132|0x0000000621000000, 0x0000000621400000, 0x0000000621400000|100%| O|  |TAMS 0x0000000621000000, 0x0000000621000000| Untracked 
| 133|0x0000000621400000, 0x0000000621800000, 0x0000000621800000|100%| O|  |TAMS 0x0000000621400000, 0x0000000621400000| Untracked 
| 134|0x0000000621800000, 0x0000000621c00000, 0x0000000621c00000|100%| O|  |TAMS 0x0000000621800000, 0x0000000621800000| Untracked 
| 135|0x0000000621c00000, 0x0000000622000000, 0x0000000622000000|100%| O|  |TAMS 0x0000000621c00000, 0x0000000621c00000| Untracked 
| 136|0x0000000622000000, 0x0000000622400000, 0x0000000622400000|100%| O|  |TAMS 0x0000000622000000, 0x0000000622000000| Untracked 
| 137|0x0000000622400000, 0x0000000622800000, 0x0000000622800000|100%| O|  |TAMS 0x0000000622400000, 0x0000000622400000| Untracked 
| 138|0x0000000622800000, 0x0000000622c00000, 0x0000000622c00000|100%| O|  |TAMS 0x0000000622800000, 0x0000000622800000| Untracked 
| 139|0x0000000622c00000, 0x0000000623000000, 0x0000000623000000|100%| O|  |TAMS 0x0000000622c00000, 0x0000000622c00000| Untracked 
| 140|0x0000000623000000, 0x0000000623400000, 0x0000000623400000|100%| O|  |TAMS 0x0000000623000000, 0x0000000623000000| Untracked 
| 141|0x0000000623400000, 0x0000000623800000, 0x0000000623800000|100%| O|  |TAMS 0x0000000623400000, 0x0000000623400000| Untracked 
| 142|0x0000000623800000, 0x0000000623c00000, 0x0000000623c00000|100%| O|  |TAMS 0x0000000623800000, 0x0000000623800000| Untracked 
| 143|0x0000000623c00000, 0x0000000624000000, 0x0000000624000000|100%| O|  |TAMS 0x0000000623c00000, 0x0000000623c00000| Untracked 
| 144|0x0000000624000000, 0x0000000624400000, 0x0000000624400000|100%| O|  |TAMS 0x0000000624000000, 0x0000000624000000| Untracked 
| 145|0x0000000624400000, 0x0000000624800000, 0x0000000624800000|100%| O|  |TAMS 0x0000000624400000, 0x0000000624400000| Untracked 
| 146|0x0000000624800000, 0x0000000624c00000, 0x0000000624c00000|100%| O|  |TAMS 0x0000000624800000, 0x0000000624800000| Untracked 
| 147|0x0000000624c00000, 0x0000000625000000, 0x0000000625000000|100%| O|  |TAMS 0x0000000624c00000, 0x0000000624c00000| Untracked 
| 148|0x0000000625000000, 0x0000000625400000, 0x0000000625400000|100%| O|  |TAMS 0x0000000625000000, 0x0000000625000000| Untracked 
| 149|0x0000000625400000, 0x0000000625800000, 0x0000000625800000|100%| O|  |TAMS 0x0000000625400000, 0x0000000625400000| Untracked 
| 150|0x0000000625800000, 0x0000000625c00000, 0x0000000625c00000|100%| O|  |TAMS 0x0000000625800000, 0x0000000625800000| Untracked 
| 151|0x0000000625c00000, 0x0000000626000000, 0x0000000626000000|100%| O|  |TAMS 0x0000000625c00000, 0x0000000625c00000| Untracked 
| 152|0x0000000626000000, 0x0000000626400000, 0x0000000626400000|100%| O|  |TAMS 0x0000000626000000, 0x0000000626000000| Untracked 
| 153|0x0000000626400000, 0x0000000626800000, 0x0000000626800000|100%| O|  |TAMS 0x0000000626400000, 0x0000000626400000| Untracked 
| 154|0x0000000626800000, 0x0000000626c00000, 0x0000000626c00000|100%| O|  |TAMS 0x0000000626800000, 0x0000000626800000| Untracked 
| 155|0x0000000626c00000, 0x0000000627000000, 0x0000000627000000|100%| O|  |TAMS 0x0000000626c00000, 0x0000000626c00000| Untracked 
| 156|0x0000000627000000, 0x0000000627400000, 0x0000000627400000|100%| O|  |TAMS 0x0000000627000000, 0x0000000627000000| Untracked 
| 157|0x0000000627400000, 0x0000000627800000, 0x0000000627800000|100%| O|  |TAMS 0x0000000627400000, 0x0000000627400000| Untracked 
| 158|0x0000000627800000, 0x0000000627c00000, 0x0000000627c00000|100%| O|  |TAMS 0x0000000627800000, 0x0000000627800000| Untracked 
| 159|0x0000000627c00000, 0x0000000628000000, 0x0000000628000000|100%| O|  |TAMS 0x0000000627c00000, 0x0000000627c00000| Untracked 
| 160|0x0000000628000000, 0x0000000628400000, 0x0000000628400000|100%| O|  |TAMS 0x0000000628000000, 0x0000000628000000| Untracked 
| 161|0x0000000628400000, 0x0000000628800000, 0x0000000628800000|100%| O|  |TAMS 0x0000000628400000, 0x0000000628400000| Untracked 
| 162|0x0000000628800000, 0x0000000628c00000, 0x0000000628c00000|100%| O|  |TAMS 0x0000000628800000, 0x0000000628800000| Untracked 
| 163|0x0000000628c00000, 0x0000000629000000, 0x0000000629000000|100%| O|  |TAMS 0x0000000628c00000, 0x0000000628c00000| Untracked 
| 164|0x0000000629000000, 0x0000000629400000, 0x0000000629400000|100%| O|  |TAMS 0x0000000629000000, 0x0000000629000000| Untracked 
| 165|0x0000000629400000, 0x0000000629800000, 0x0000000629800000|100%| O|  |TAMS 0x0000000629400000, 0x0000000629400000| Untracked 
| 166|0x0000000629800000, 0x0000000629c00000, 0x0000000629c00000|100%| O|  |TAMS 0x0000000629800000, 0x0000000629800000| Untracked 
| 167|0x0000000629c00000, 0x000000062a000000, 0x000000062a000000|100%| O|  |TAMS 0x0000000629c00000, 0x0000000629c00000| Untracked 
| 168|0x000000062a000000, 0x000000062a400000, 0x000000062a400000|100%| O|  |TAMS 0x000000062a000000, 0x000000062a000000| Untracked 
| 169|0x000000062a400000, 0x000000062a800000, 0x000000062a800000|100%| O|  |TAMS 0x000000062a400000, 0x000000062a400000| Untracked 
| 170|0x000000062a800000, 0x000000062ac00000, 0x000000062ac00000|100%| O|  |TAMS 0x000000062a800000, 0x000000062a800000| Untracked 
| 171|0x000000062ac00000, 0x000000062b000000, 0x000000062b000000|100%| O|  |TAMS 0x000000062ac00000, 0x000000062ac00000| Untracked 
| 172|0x000000062b000000, 0x000000062b400000, 0x000000062b400000|100%| O|  |TAMS 0x000000062b000000, 0x000000062b000000| Untracked 
| 173|0x000000062b400000, 0x000000062b800000, 0x000000062b800000|100%| O|  |TAMS 0x000000062b400000, 0x000000062b400000| Untracked 
| 174|0x000000062b800000, 0x000000062bc00000, 0x000000062bc00000|100%| O|  |TAMS 0x000000062b800000, 0x000000062b800000| Untracked 
| 175|0x000000062bc00000, 0x000000062c000000, 0x000000062c000000|100%| O|  |TAMS 0x000000062bc00000, 0x000000062bc00000| Untracked 
| 176|0x000000062c000000, 0x000000062c400000, 0x000000062c400000|100%| O|  |TAMS 0x000000062c000000, 0x000000062c000000| Untracked 
| 177|0x000000062c400000, 0x000000062c800000, 0x000000062c800000|100%| O|  |TAMS 0x000000062c400000, 0x000000062c400000| Untracked 
| 178|0x000000062c800000, 0x000000062cc00000, 0x000000062cc00000|100%| O|  |TAMS 0x000000062c800000, 0x000000062c800000| Untracked 
| 179|0x000000062cc00000, 0x000000062d000000, 0x000000062d000000|100%| O|  |TAMS 0x000000062cc00000, 0x000000062cc00000| Untracked 
| 180|0x000000062d000000, 0x000000062d400000, 0x000000062d400000|100%| O|  |TAMS 0x000000062d000000, 0x000000062d000000| Untracked 
| 181|0x000000062d400000, 0x000000062d800000, 0x000000062d800000|100%| O|  |TAMS 0x000000062d400000, 0x000000062d400000| Untracked 
| 182|0x000000062d800000, 0x000000062dc00000, 0x000000062dc00000|100%| O|  |TAMS 0x000000062d800000, 0x000000062d800000| Untracked 
| 183|0x000000062dc00000, 0x000000062e000000, 0x000000062e000000|100%| O|  |TAMS 0x000000062dc00000, 0x000000062dc00000| Untracked 
| 184|0x000000062e000000, 0x000000062e400000, 0x000000062e400000|100%| O|  |TAMS 0x000000062e000000, 0x000000062e000000| Untracked 
| 185|0x000000062e400000, 0x000000062e800000, 0x000000062e800000|100%| O|  |TAMS 0x000000062e400000, 0x000000062e400000| Untracked 
| 186|0x000000062e800000, 0x000000062ec00000, 0x000000062ec00000|100%| O|  |TAMS 0x000000062e800000, 0x000000062e800000| Untracked 
| 187|0x000000062ec00000, 0x000000062f000000, 0x000000062f000000|100%| O|  |TAMS 0x000000062ec00000, 0x000000062ec00000| Untracked 
| 188|0x000000062f000000, 0x000000062f400000, 0x000000062f400000|100%| O|  |TAMS 0x000000062f000000, 0x000000062f000000| Untracked 
| 189|0x000000062f400000, 0x000000062f800000, 0x000000062f800000|100%| O|  |TAMS 0x000000062f400000, 0x000000062f400000| Untracked 
| 190|0x000000062f800000, 0x000000062fc00000, 0x000000062fc00000|100%| O|  |TAMS 0x000000062f800000, 0x000000062f800000| Untracked 
| 191|0x000000062fc00000, 0x0000000630000000, 0x0000000630000000|100%| O|  |TAMS 0x000000062fc00000, 0x000000062fc00000| Untracked 
| 192|0x0000000630000000, 0x0000000630400000, 0x0000000630400000|100%| O|  |TAMS 0x0000000630000000, 0x0000000630000000| Untracked 
| 193|0x0000000630400000, 0x0000000630800000, 0x0000000630800000|100%| O|  |TAMS 0x0000000630400000, 0x0000000630400000| Untracked 
| 194|0x0000000630800000, 0x0000000630c00000, 0x0000000630c00000|100%| O|  |TAMS 0x0000000630800000, 0x0000000630800000| Untracked 
| 195|0x0000000630c00000, 0x0000000631000000, 0x0000000631000000|100%| O|  |TAMS 0x0000000630c00000, 0x0000000630c00000| Untracked 
| 196|0x0000000631000000, 0x0000000631400000, 0x0000000631400000|100%| O|  |TAMS 0x0000000631000000, 0x0000000631000000| Untracked 
| 197|0x0000000631400000, 0x0000000631800000, 0x0000000631800000|100%| O|  |TAMS 0x0000000631400000, 0x0000000631400000| Untracked 
| 198|0x0000000631800000, 0x0000000631c00000, 0x0000000631c00000|100%| O|  |TAMS 0x0000000631800000, 0x0000000631800000| Untracked 
| 199|0x0000000631c00000, 0x0000000632000000, 0x0000000632000000|100%| O|  |TAMS 0x0000000631c00000, 0x0000000631c00000| Untracked 
| 200|0x0000000632000000, 0x0000000632400000, 0x0000000632400000|100%| O|  |TAMS 0x0000000632000000, 0x0000000632000000| Untracked 
| 201|0x0000000632400000, 0x0000000632800000, 0x0000000632800000|100%| O|  |TAMS 0x0000000632400000, 0x0000000632400000| Untracked 
| 202|0x0000000632800000, 0x0000000632c00000, 0x0000000632c00000|100%| O|  |TAMS 0x0000000632800000, 0x0000000632800000| Untracked 
| 203|0x0000000632c00000, 0x0000000633000000, 0x0000000633000000|100%| O|  |TAMS 0x0000000632c00000, 0x0000000632c00000| Untracked 
| 204|0x0000000633000000, 0x0000000633400000, 0x0000000633400000|100%| O|  |TAMS 0x0000000633000000, 0x0000000633000000| Untracked 
| 205|0x0000000633400000, 0x0000000633800000, 0x0000000633800000|100%| O|  |TAMS 0x0000000633400000, 0x0000000633400000| Untracked 
| 206|0x0000000633800000, 0x0000000633c00000, 0x0000000633c00000|100%| O|  |TAMS 0x0000000633800000, 0x0000000633800000| Untracked 
| 207|0x0000000633c00000, 0x0000000634000000, 0x0000000634000000|100%| O|  |TAMS 0x0000000633c00000, 0x0000000633c00000| Untracked 
| 208|0x0000000634000000, 0x0000000634400000, 0x0000000634400000|100%| O|  |TAMS 0x0000000634000000, 0x0000000634000000| Untracked 
| 209|0x0000000634400000, 0x0000000634800000, 0x0000000634800000|100%| O|  |TAMS 0x0000000634400000, 0x0000000634400000| Untracked 
| 210|0x0000000634800000, 0x0000000634c00000, 0x0000000634c00000|100%| O|  |TAMS 0x0000000634800000, 0x0000000634800000| Untracked 
| 211|0x0000000634c00000, 0x0000000635000000, 0x0000000635000000|100%| O|  |TAMS 0x0000000634c00000, 0x0000000634c00000| Untracked 
| 212|0x0000000635000000, 0x0000000635400000, 0x0000000635400000|100%| O|  |TAMS 0x0000000635000000, 0x0000000635000000| Untracked 
| 213|0x0000000635400000, 0x0000000635800000, 0x0000000635800000|100%| O|  |TAMS 0x0000000635400000, 0x0000000635400000| Untracked 
| 214|0x0000000635800000, 0x0000000635c00000, 0x0000000635c00000|100%| O|  |TAMS 0x0000000635800000, 0x0000000635800000| Untracked 
| 215|0x0000000635c00000, 0x0000000636000000, 0x0000000636000000|100%| O|  |TAMS 0x0000000635c00000, 0x0000000635c00000| Untracked 
| 216|0x0000000636000000, 0x0000000636400000, 0x0000000636400000|100%| O|  |TAMS 0x0000000636000000, 0x0000000636000000| Untracked 
| 217|0x0000000636400000, 0x0000000636800000, 0x0000000636800000|100%| O|  |TAMS 0x0000000636400000, 0x0000000636400000| Untracked 
| 218|0x0000000636800000, 0x0000000636c00000, 0x0000000636c00000|100%| O|  |TAMS 0x0000000636800000, 0x0000000636800000| Untracked 
| 219|0x0000000636c00000, 0x0000000637000000, 0x0000000637000000|100%| O|  |TAMS 0x0000000636c00000, 0x0000000636c00000| Untracked 
| 220|0x0000000637000000, 0x0000000637400000, 0x0000000637400000|100%| O|  |TAMS 0x0000000637000000, 0x0000000637000000| Untracked 
| 221|0x0000000637400000, 0x0000000637800000, 0x0000000637800000|100%| O|  |TAMS 0x0000000637400000, 0x0000000637400000| Untracked 
| 222|0x0000000637800000, 0x0000000637c00000, 0x0000000637c00000|100%| O|  |TAMS 0x0000000637800000, 0x0000000637800000| Untracked 
| 223|0x0000000637c00000, 0x0000000638000000, 0x0000000638000000|100%| O|  |TAMS 0x0000000637c00000, 0x0000000637c00000| Untracked 
| 224|0x0000000638000000, 0x0000000638400000, 0x0000000638400000|100%| O|  |TAMS 0x0000000638000000, 0x0000000638000000| Untracked 
| 225|0x0000000638400000, 0x0000000638800000, 0x0000000638800000|100%| O|  |TAMS 0x0000000638400000, 0x0000000638400000| Untracked 
| 226|0x0000000638800000, 0x0000000638c00000, 0x0000000638c00000|100%| O|  |TAMS 0x0000000638800000, 0x0000000638800000| Untracked 
| 227|0x0000000638c00000, 0x0000000639000000, 0x0000000639000000|100%| O|  |TAMS 0x0000000638c00000, 0x0000000638c00000| Untracked 
| 228|0x0000000639000000, 0x0000000639400000, 0x0000000639400000|100%| O|  |TAMS 0x0000000639000000, 0x0000000639000000| Untracked 
| 229|0x0000000639400000, 0x0000000639800000, 0x0000000639800000|100%| O|  |TAMS 0x0000000639400000, 0x0000000639400000| Untracked 
| 230|0x0000000639800000, 0x0000000639c00000, 0x0000000639c00000|100%| O|  |TAMS 0x0000000639800000, 0x0000000639800000| Untracked 
| 231|0x0000000639c00000, 0x000000063a000000, 0x000000063a000000|100%| O|  |TAMS 0x0000000639c00000, 0x0000000639c00000| Untracked 
| 232|0x000000063a000000, 0x000000063a400000, 0x000000063a400000|100%| O|  |TAMS 0x000000063a000000, 0x000000063a000000| Untracked 
| 233|0x000000063a400000, 0x000000063a800000, 0x000000063a800000|100%| O|  |TAMS 0x000000063a400000, 0x000000063a400000| Untracked 
| 234|0x000000063a800000, 0x000000063ac00000, 0x000000063ac00000|100%| O|  |TAMS 0x000000063a800000, 0x000000063a800000| Untracked 
| 235|0x000000063ac00000, 0x000000063b000000, 0x000000063b000000|100%| O|  |TAMS 0x000000063ac00000, 0x000000063ac00000| Untracked 
| 236|0x000000063b000000, 0x000000063b400000, 0x000000063b400000|100%| O|  |TAMS 0x000000063b000000, 0x000000063b000000| Untracked 
| 237|0x000000063b400000, 0x000000063b800000, 0x000000063b800000|100%| O|  |TAMS 0x000000063b400000, 0x000000063b400000| Untracked 
| 238|0x000000063b800000, 0x000000063bc00000, 0x000000063bc00000|100%| O|  |TAMS 0x000000063b800000, 0x000000063b800000| Untracked 
| 239|0x000000063bc00000, 0x000000063c000000, 0x000000063c000000|100%| O|  |TAMS 0x000000063bc00000, 0x000000063bc00000| Untracked 
| 240|0x000000063c000000, 0x000000063c400000, 0x000000063c400000|100%| O|  |TAMS 0x000000063c000000, 0x000000063c000000| Untracked 
| 241|0x000000063c400000, 0x000000063c800000, 0x000000063c800000|100%| O|  |TAMS 0x000000063c400000, 0x000000063c400000| Untracked 
| 242|0x000000063c800000, 0x000000063cc00000, 0x000000063cc00000|100%| O|  |TAMS 0x000000063c800000, 0x000000063c800000| Untracked 
| 243|0x000000063cc00000, 0x000000063d000000, 0x000000063d000000|100%| O|  |TAMS 0x000000063cc00000, 0x000000063cc00000| Untracked 
| 244|0x000000063d000000, 0x000000063d400000, 0x000000063d400000|100%| O|  |TAMS 0x000000063d000000, 0x000000063d000000| Untracked 
| 245|0x000000063d400000, 0x000000063d800000, 0x000000063d800000|100%| O|  |TAMS 0x000000063d400000, 0x000000063d400000| Untracked 
| 246|0x000000063d800000, 0x000000063dc00000, 0x000000063dc00000|100%| O|  |TAMS 0x000000063d800000, 0x000000063d800000| Untracked 
| 247|0x000000063dc00000, 0x000000063e000000, 0x000000063e000000|100%| O|  |TAMS 0x000000063dc00000, 0x000000063dc00000| Untracked 
| 248|0x000000063e000000, 0x000000063e400000, 0x000000063e400000|100%|HS|  |TAMS 0x000000063e000000, 0x000000063e000000| Complete 
| 249|0x000000063e400000, 0x000000063e800000, 0x000000063e800000|100%|HC|  |TAMS 0x000000063e400000, 0x000000063e400000| Complete 
| 250|0x000000063e800000, 0x000000063ec00000, 0x000000063ec00000|100%|HC|  |TAMS 0x000000063e800000, 0x000000063e800000| Complete 
| 251|0x000000063ec00000, 0x000000063f000000, 0x000000063f000000|100%|HC|  |TAMS 0x000000063ec00000, 0x000000063ec00000| Complete 
| 252|0x000000063f000000, 0x000000063f400000, 0x000000063f400000|100%| O|  |TAMS 0x000000063f000000, 0x000000063f000000| Untracked 
| 253|0x000000063f400000, 0x000000063f800000, 0x000000063f800000|100%| O|  |TAMS 0x000000063f400000, 0x000000063f400000| Untracked 
| 254|0x000000063f800000, 0x000000063fc00000, 0x000000063fc00000|100%| O|  |TAMS 0x000000063f800000, 0x000000063f800000| Untracked 
| 255|0x000000063fc00000, 0x0000000640000000, 0x0000000640000000|100%| O|  |TAMS 0x000000063fc00000, 0x000000063fc00000| Untracked 
| 256|0x0000000640000000, 0x0000000640400000, 0x0000000640400000|100%| O|  |TAMS 0x0000000640000000, 0x0000000640000000| Untracked 
| 257|0x0000000640400000, 0x0000000640800000, 0x0000000640800000|100%| O|  |TAMS 0x0000000640400000, 0x0000000640400000| Untracked 
| 258|0x0000000640800000, 0x0000000640c00000, 0x0000000640c00000|100%| O|  |TAMS 0x0000000640800000, 0x0000000640800000| Untracked 
| 259|0x0000000640c00000, 0x0000000641000000, 0x0000000641000000|100%| O|  |TAMS 0x0000000640c00000, 0x0000000640c00000| Untracked 
| 260|0x0000000641000000, 0x0000000641400000, 0x0000000641400000|100%| O|  |TAMS 0x0000000641000000, 0x0000000641000000| Untracked 
| 261|0x0000000641400000, 0x0000000641800000, 0x0000000641800000|100%| O|  |TAMS 0x0000000641400000, 0x0000000641400000| Untracked 
| 262|0x0000000641800000, 0x0000000641c00000, 0x0000000641c00000|100%| O|  |TAMS 0x0000000641800000, 0x0000000641800000| Untracked 
| 263|0x0000000641c00000, 0x0000000642000000, 0x0000000642000000|100%| O|  |TAMS 0x0000000641c00000, 0x0000000641c00000| Untracked 
| 264|0x0000000642000000, 0x0000000642400000, 0x0000000642400000|100%| O|  |TAMS 0x0000000642000000, 0x0000000642000000| Untracked 
| 265|0x0000000642400000, 0x0000000642800000, 0x0000000642800000|100%| O|  |TAMS 0x0000000642400000, 0x0000000642400000| Untracked 
| 266|0x0000000642800000, 0x0000000642c00000, 0x0000000642c00000|100%| O|  |TAMS 0x0000000642800000, 0x0000000642800000| Untracked 
| 267|0x0000000642c00000, 0x0000000643000000, 0x0000000643000000|100%| O|  |TAMS 0x0000000642c00000, 0x0000000642c00000| Untracked 
| 268|0x0000000643000000, 0x0000000643400000, 0x0000000643400000|100%| O|  |TAMS 0x0000000643000000, 0x0000000643000000| Untracked 
| 269|0x0000000643400000, 0x0000000643800000, 0x0000000643800000|100%| O|  |TAMS 0x0000000643400000, 0x0000000643400000| Untracked 
| 270|0x0000000643800000, 0x0000000643c00000, 0x0000000643c00000|100%| O|  |TAMS 0x0000000643800000, 0x0000000643800000| Untracked 
| 271|0x0000000643c00000, 0x0000000644000000, 0x0000000644000000|100%| O|  |TAMS 0x0000000643c00000, 0x0000000643c00000| Untracked 
| 272|0x0000000644000000, 0x0000000644400000, 0x0000000644400000|100%| O|  |TAMS 0x0000000644000000, 0x0000000644000000| Untracked 
| 273|0x0000000644400000, 0x0000000644800000, 0x0000000644800000|100%| O|  |TAMS 0x0000000644400000, 0x0000000644400000| Untracked 
| 274|0x0000000644800000, 0x0000000644c00000, 0x0000000644c00000|100%| O|  |TAMS 0x0000000644800000, 0x0000000644800000| Untracked 
| 275|0x0000000644c00000, 0x0000000645000000, 0x0000000645000000|100%| O|  |TAMS 0x0000000644c00000, 0x0000000644c00000| Untracked 
| 276|0x0000000645000000, 0x0000000645400000, 0x0000000645400000|100%| O|  |TAMS 0x0000000645000000, 0x0000000645000000| Untracked 
| 277|0x0000000645400000, 0x0000000645800000, 0x0000000645800000|100%| O|  |TAMS 0x0000000645400000, 0x0000000645400000| Untracked 
| 278|0x0000000645800000, 0x0000000645c00000, 0x0000000645c00000|100%| O|  |TAMS 0x0000000645800000, 0x0000000645800000| Untracked 
| 279|0x0000000645c00000, 0x0000000646000000, 0x0000000646000000|100%| O|  |TAMS 0x0000000645c00000, 0x0000000645c00000| Untracked 
| 280|0x0000000646000000, 0x0000000646400000, 0x0000000646400000|100%| O|  |TAMS 0x0000000646000000, 0x0000000646000000| Untracked 
| 281|0x0000000646400000, 0x0000000646800000, 0x0000000646800000|100%| O|  |TAMS 0x0000000646400000, 0x0000000646400000| Untracked 
| 282|0x0000000646800000, 0x0000000646c00000, 0x0000000646c00000|100%| O|  |TAMS 0x0000000646800000, 0x0000000646800000| Untracked 
| 283|0x0000000646c00000, 0x0000000647000000, 0x0000000647000000|100%| O|  |TAMS 0x0000000646c00000, 0x0000000646c00000| Untracked 
| 284|0x0000000647000000, 0x0000000647400000, 0x0000000647400000|100%| O|  |TAMS 0x0000000647000000, 0x0000000647000000| Untracked 
| 285|0x0000000647400000, 0x0000000647800000, 0x0000000647800000|100%| O|  |TAMS 0x0000000647400000, 0x0000000647400000| Untracked 
| 286|0x0000000647800000, 0x0000000647c00000, 0x0000000647c00000|100%| O|  |TAMS 0x0000000647800000, 0x0000000647800000| Untracked 
| 287|0x0000000647c00000, 0x0000000648000000, 0x0000000648000000|100%| O|  |TAMS 0x0000000647c00000, 0x0000000647c00000| Untracked 
| 288|0x0000000648000000, 0x0000000648400000, 0x0000000648400000|100%| O|  |TAMS 0x0000000648000000, 0x0000000648000000| Untracked 
| 289|0x0000000648400000, 0x0000000648800000, 0x0000000648800000|100%| O|  |TAMS 0x0000000648400000, 0x0000000648400000| Untracked 
| 290|0x0000000648800000, 0x0000000648c00000, 0x0000000648c00000|100%| O|  |TAMS 0x0000000648800000, 0x0000000648800000| Untracked 
| 291|0x0000000648c00000, 0x0000000649000000, 0x0000000649000000|100%| O|  |TAMS 0x0000000648c00000, 0x0000000648c00000| Untracked 
| 292|0x0000000649000000, 0x0000000649400000, 0x0000000649400000|100%| O|  |TAMS 0x0000000649000000, 0x0000000649000000| Untracked 
| 293|0x0000000649400000, 0x0000000649800000, 0x0000000649800000|100%| O|  |TAMS 0x0000000649400000, 0x0000000649400000| Untracked 
| 294|0x0000000649800000, 0x0000000649c00000, 0x0000000649c00000|100%| O|  |TAMS 0x0000000649800000, 0x0000000649800000| Untracked 
| 295|0x0000000649c00000, 0x000000064a000000, 0x000000064a000000|100%| O|  |TAMS 0x0000000649c00000, 0x0000000649c00000| Untracked 
| 296|0x000000064a000000, 0x000000064a400000, 0x000000064a400000|100%| O|  |TAMS 0x000000064a000000, 0x000000064a000000| Untracked 
| 297|0x000000064a400000, 0x000000064a800000, 0x000000064a800000|100%| O|  |TAMS 0x000000064a400000, 0x000000064a400000| Untracked 
| 298|0x000000064a800000, 0x000000064ac00000, 0x000000064ac00000|100%| O|  |TAMS 0x000000064a800000, 0x000000064a800000| Untracked 
| 299|0x000000064ac00000, 0x000000064b000000, 0x000000064b000000|100%| O|  |TAMS 0x000000064ac00000, 0x000000064ac00000| Untracked 
| 300|0x000000064b000000, 0x000000064b400000, 0x000000064b400000|100%| O|  |TAMS 0x000000064b000000, 0x000000064b000000| Untracked 
| 301|0x000000064b400000, 0x000000064b800000, 0x000000064b800000|100%| O|  |TAMS 0x000000064b400000, 0x000000064b400000| Untracked 
| 302|0x000000064b800000, 0x000000064bc00000, 0x000000064bc00000|100%| O|  |TAMS 0x000000064b800000, 0x000000064b800000| Untracked 
| 303|0x000000064bc00000, 0x000000064c000000, 0x000000064c000000|100%| O|  |TAMS 0x000000064bc00000, 0x000000064bc00000| Untracked 
| 304|0x000000064c000000, 0x000000064c400000, 0x000000064c400000|100%| O|  |TAMS 0x000000064c000000, 0x000000064c000000| Untracked 
| 305|0x000000064c400000, 0x000000064c800000, 0x000000064c800000|100%| O|  |TAMS 0x000000064c400000, 0x000000064c400000| Untracked 
| 306|0x000000064c800000, 0x000000064cc00000, 0x000000064cc00000|100%| O|  |TAMS 0x000000064c800000, 0x000000064c800000| Untracked 
| 307|0x000000064cc00000, 0x000000064d000000, 0x000000064d000000|100%| O|  |TAMS 0x000000064cc00000, 0x000000064cc00000| Untracked 
| 308|0x000000064d000000, 0x000000064d400000, 0x000000064d400000|100%| O|  |TAMS 0x000000064d000000, 0x000000064d000000| Untracked 
| 309|0x000000064d400000, 0x000000064d800000, 0x000000064d800000|100%| O|  |TAMS 0x000000064d400000, 0x000000064d400000| Untracked 
| 310|0x000000064d800000, 0x000000064dc00000, 0x000000064dc00000|100%| O|  |TAMS 0x000000064d800000, 0x000000064d800000| Untracked 
| 311|0x000000064dc00000, 0x000000064e000000, 0x000000064e000000|100%| O|  |TAMS 0x000000064dc00000, 0x000000064dc00000| Untracked 
| 312|0x000000064e000000, 0x000000064e400000, 0x000000064e400000|100%| O|  |TAMS 0x000000064e000000, 0x000000064e000000| Untracked 
| 313|0x000000064e400000, 0x000000064e800000, 0x000000064e800000|100%| O|  |TAMS 0x000000064e400000, 0x000000064e400000| Untracked 
| 314|0x000000064e800000, 0x000000064ec00000, 0x000000064ec00000|100%| O|  |TAMS 0x000000064e800000, 0x000000064e800000| Untracked 
| 315|0x000000064ec00000, 0x000000064f000000, 0x000000064f000000|100%| O|  |TAMS 0x000000064ec00000, 0x000000064ec00000| Untracked 
| 316|0x000000064f000000, 0x000000064f400000, 0x000000064f400000|100%| O|  |TAMS 0x000000064f000000, 0x000000064f000000| Untracked 
| 317|0x000000064f400000, 0x000000064f800000, 0x000000064f800000|100%| O|  |TAMS 0x000000064f400000, 0x000000064f400000| Untracked 
| 318|0x000000064f800000, 0x000000064fc00000, 0x000000064fc00000|100%| O|  |TAMS 0x000000064f800000, 0x000000064f800000| Untracked 
| 319|0x000000064fc00000, 0x0000000650000000, 0x0000000650000000|100%| O|  |TAMS 0x000000064fc00000, 0x000000064fc00000| Untracked 
| 320|0x0000000650000000, 0x0000000650400000, 0x0000000650400000|100%| O|  |TAMS 0x0000000650000000, 0x0000000650000000| Untracked 
| 321|0x0000000650400000, 0x0000000650800000, 0x0000000650800000|100%| O|  |TAMS 0x0000000650400000, 0x0000000650400000| Untracked 
| 322|0x0000000650800000, 0x0000000650c00000, 0x0000000650c00000|100%| O|  |TAMS 0x0000000650800000, 0x0000000650800000| Untracked 
| 323|0x0000000650c00000, 0x0000000651000000, 0x0000000651000000|100%| O|  |TAMS 0x0000000650c00000, 0x0000000650c00000| Untracked 
| 324|0x0000000651000000, 0x0000000651400000, 0x0000000651400000|100%| O|  |TAMS 0x0000000651000000, 0x0000000651000000| Untracked 
| 325|0x0000000651400000, 0x0000000651800000, 0x0000000651800000|100%| O|  |TAMS 0x0000000651400000, 0x0000000651400000| Untracked 
| 326|0x0000000651800000, 0x0000000651c00000, 0x0000000651c00000|100%| O|  |TAMS 0x0000000651800000, 0x0000000651800000| Untracked 
| 327|0x0000000651c00000, 0x0000000652000000, 0x0000000652000000|100%| O|  |TAMS 0x0000000651c00000, 0x0000000651c00000| Untracked 
| 328|0x0000000652000000, 0x0000000652400000, 0x0000000652400000|100%| O|  |TAMS 0x0000000652000000, 0x0000000652000000| Untracked 
| 329|0x0000000652400000, 0x0000000652800000, 0x0000000652800000|100%| O|  |TAMS 0x0000000652400000, 0x0000000652400000| Untracked 
| 330|0x0000000652800000, 0x0000000652c00000, 0x0000000652c00000|100%| O|  |TAMS 0x0000000652800000, 0x0000000652800000| Untracked 
| 331|0x0000000652c00000, 0x0000000653000000, 0x0000000653000000|100%| O|  |TAMS 0x0000000652c00000, 0x0000000652c00000| Untracked 
| 332|0x0000000653000000, 0x0000000653400000, 0x0000000653400000|100%| O|  |TAMS 0x0000000653000000, 0x0000000653000000| Untracked 
| 333|0x0000000653400000, 0x0000000653800000, 0x0000000653800000|100%| O|  |TAMS 0x0000000653400000, 0x0000000653400000| Untracked 
| 334|0x0000000653800000, 0x0000000653c00000, 0x0000000653c00000|100%| O|  |TAMS 0x0000000653800000, 0x0000000653800000| Untracked 
| 335|0x0000000653c00000, 0x0000000654000000, 0x0000000654000000|100%| O|  |TAMS 0x0000000653c00000, 0x0000000653c00000| Untracked 
| 336|0x0000000654000000, 0x0000000654400000, 0x0000000654400000|100%| O|  |TAMS 0x0000000654000000, 0x0000000654000000| Untracked 
| 337|0x0000000654400000, 0x0000000654800000, 0x0000000654800000|100%| O|  |TAMS 0x0000000654400000, 0x0000000654400000| Untracked 
| 338|0x0000000654800000, 0x0000000654c00000, 0x0000000654c00000|100%|HS|  |TAMS 0x0000000654800000, 0x0000000654800000| Complete 
| 339|0x0000000654c00000, 0x0000000655000000, 0x0000000655000000|100%| O|  |TAMS 0x0000000654c00000, 0x0000000654c00000| Untracked 
| 340|0x0000000655000000, 0x0000000655400000, 0x0000000655400000|100%| O|  |TAMS 0x0000000655000000, 0x0000000655000000| Untracked 
| 341|0x0000000655400000, 0x0000000655800000, 0x0000000655800000|100%| O|  |TAMS 0x0000000655400000, 0x0000000655400000| Untracked 
| 342|0x0000000655800000, 0x0000000655c00000, 0x0000000655c00000|100%| O|  |TAMS 0x0000000655800000, 0x0000000655800000| Untracked 
| 343|0x0000000655c00000, 0x0000000656000000, 0x0000000656000000|100%| O|  |TAMS 0x0000000655c00000, 0x0000000655c00000| Untracked 
| 344|0x0000000656000000, 0x0000000656400000, 0x0000000656400000|100%| O|  |TAMS 0x0000000656000000, 0x0000000656000000| Untracked 
| 345|0x0000000656400000, 0x0000000656800000, 0x0000000656800000|100%| O|  |TAMS 0x0000000656400000, 0x0000000656400000| Untracked 
| 346|0x0000000656800000, 0x0000000656c00000, 0x0000000656c00000|100%| O|  |TAMS 0x0000000656800000, 0x0000000656800000| Untracked 
| 347|0x0000000656c00000, 0x0000000657000000, 0x0000000657000000|100%| O|  |TAMS 0x0000000656c00000, 0x0000000656c00000| Untracked 
| 348|0x0000000657000000, 0x0000000657400000, 0x0000000657400000|100%| O|  |TAMS 0x0000000657000000, 0x0000000657000000| Untracked 
| 349|0x0000000657400000, 0x0000000657800000, 0x0000000657800000|100%| O|  |TAMS 0x0000000657400000, 0x0000000657400000| Untracked 
| 350|0x0000000657800000, 0x0000000657c00000, 0x0000000657c00000|100%| O|  |TAMS 0x0000000657800000, 0x0000000657800000| Untracked 
| 351|0x0000000657c00000, 0x0000000658000000, 0x0000000658000000|100%| O|  |TAMS 0x0000000657c00000, 0x0000000657c00000| Untracked 
| 352|0x0000000658000000, 0x0000000658400000, 0x0000000658400000|100%| O|  |TAMS 0x0000000658000000, 0x0000000658000000| Untracked 
| 353|0x0000000658400000, 0x0000000658800000, 0x0000000658800000|100%| O|  |TAMS 0x0000000658400000, 0x0000000658400000| Untracked 
| 354|0x0000000658800000, 0x0000000658c00000, 0x0000000658c00000|100%| O|  |TAMS 0x0000000658800000, 0x0000000658800000| Untracked 
| 355|0x0000000658c00000, 0x0000000659000000, 0x0000000659000000|100%| O|  |TAMS 0x0000000658c00000, 0x0000000658c00000| Untracked 
| 356|0x0000000659000000, 0x0000000659400000, 0x0000000659400000|100%| O|  |TAMS 0x0000000659000000, 0x0000000659000000| Untracked 
| 357|0x0000000659400000, 0x0000000659800000, 0x0000000659800000|100%| O|  |TAMS 0x0000000659400000, 0x0000000659400000| Untracked 
| 358|0x0000000659800000, 0x0000000659c00000, 0x0000000659c00000|100%| O|  |TAMS 0x0000000659800000, 0x0000000659800000| Untracked 
| 359|0x0000000659c00000, 0x000000065a000000, 0x000000065a000000|100%| O|  |TAMS 0x0000000659c00000, 0x0000000659c00000| Untracked 
| 360|0x000000065a000000, 0x000000065a400000, 0x000000065a400000|100%| O|  |TAMS 0x000000065a000000, 0x000000065a000000| Untracked 
| 361|0x000000065a400000, 0x000000065a480000, 0x000000065a800000| 12%| O|  |TAMS 0x000000065a400000, 0x000000065a400000| Untracked 
| 362|0x000000065a800000, 0x000000065a800000, 0x000000065ac00000|  0%| F|  |TAMS 0x000000065a800000, 0x000000065a800000| Untracked 
| 363|0x000000065ac00000, 0x000000065ac00000, 0x000000065b000000|  0%| F|  |TAMS 0x000000065ac00000, 0x000000065ac00000| Untracked 
| 364|0x000000065b000000, 0x000000065b000000, 0x000000065b400000|  0%| F|  |TAMS 0x000000065b000000, 0x000000065b000000| Untracked 
| 365|0x000000065b400000, 0x000000065b400000, 0x000000065b800000|  0%| F|  |TAMS 0x000000065b400000, 0x000000065b400000| Untracked 
| 366|0x000000065b800000, 0x000000065b800000, 0x000000065bc00000|  0%| F|  |TAMS 0x000000065b800000, 0x000000065b800000| Untracked 
| 367|0x000000065bc00000, 0x000000065bc00000, 0x000000065c000000|  0%| F|  |TAMS 0x000000065bc00000, 0x000000065bc00000| Untracked 
| 368|0x000000065c000000, 0x000000065c000000, 0x000000065c400000|  0%| F|  |TAMS 0x000000065c000000, 0x000000065c000000| Untracked 
| 369|0x000000065c400000, 0x000000065c400000, 0x000000065c800000|  0%| F|  |TAMS 0x000000065c400000, 0x000000065c400000| Untracked 
| 370|0x000000065c800000, 0x000000065c800000, 0x000000065cc00000|  0%| F|  |TAMS 0x000000065c800000, 0x000000065c800000| Untracked 
| 371|0x000000065cc00000, 0x000000065cc00000, 0x000000065d000000|  0%| F|  |TAMS 0x000000065cc00000, 0x000000065cc00000| Untracked 
| 372|0x000000065d000000, 0x000000065d000000, 0x000000065d400000|  0%| F|  |TAMS 0x000000065d000000, 0x000000065d000000| Untracked 
| 373|0x000000065d400000, 0x000000065d400000, 0x000000065d800000|  0%| F|  |TAMS 0x000000065d400000, 0x000000065d400000| Untracked 
| 374|0x000000065d800000, 0x000000065d800000, 0x000000065dc00000|  0%| F|  |TAMS 0x000000065d800000, 0x000000065d800000| Untracked 
| 375|0x000000065dc00000, 0x000000065dc00000, 0x000000065e000000|  0%| F|  |TAMS 0x000000065dc00000, 0x000000065dc00000| Untracked 
| 376|0x000000065e000000, 0x000000065e000000, 0x000000065e400000|  0%| F|  |TAMS 0x000000065e000000, 0x000000065e000000| Untracked 
| 377|0x000000065e400000, 0x000000065e400000, 0x000000065e800000|  0%| F|  |TAMS 0x000000065e400000, 0x000000065e400000| Untracked 
| 378|0x000000065e800000, 0x000000065e800000, 0x000000065ec00000|  0%| F|  |TAMS 0x000000065e800000, 0x000000065e800000| Untracked 
| 379|0x000000065ec00000, 0x000000065ec00000, 0x000000065f000000|  0%| F|  |TAMS 0x000000065ec00000, 0x000000065ec00000| Untracked 
| 380|0x000000065f000000, 0x000000065f000000, 0x000000065f400000|  0%| F|  |TAMS 0x000000065f000000, 0x000000065f000000| Untracked 
| 381|0x000000065f400000, 0x000000065f400000, 0x000000065f800000|  0%| F|  |TAMS 0x000000065f400000, 0x000000065f400000| Untracked 
| 382|0x000000065f800000, 0x000000065f800000, 0x000000065fc00000|  0%| F|  |TAMS 0x000000065f800000, 0x000000065f800000| Untracked 
| 383|0x000000065fc00000, 0x000000065fc00000, 0x0000000660000000|  0%| F|  |TAMS 0x000000065fc00000, 0x000000065fc00000| Untracked 
| 384|0x0000000660000000, 0x0000000660000000, 0x0000000660400000|  0%| F|  |TAMS 0x0000000660000000, 0x0000000660000000| Untracked 
| 385|0x0000000660400000, 0x0000000660400000, 0x0000000660800000|  0%| F|  |TAMS 0x0000000660400000, 0x0000000660400000| Untracked 
| 386|0x0000000660800000, 0x0000000660800000, 0x0000000660c00000|  0%| F|  |TAMS 0x0000000660800000, 0x0000000660800000| Untracked 
| 387|0x0000000660c00000, 0x0000000660c00000, 0x0000000661000000|  0%| F|  |TAMS 0x0000000660c00000, 0x0000000660c00000| Untracked 
| 388|0x0000000661000000, 0x0000000661000000, 0x0000000661400000|  0%| F|  |TAMS 0x0000000661000000, 0x0000000661000000| Untracked 
| 389|0x0000000661400000, 0x0000000661400000, 0x0000000661800000|  0%| F|  |TAMS 0x0000000661400000, 0x0000000661400000| Untracked 
| 390|0x0000000661800000, 0x0000000661800000, 0x0000000661c00000|  0%| F|  |TAMS 0x0000000661800000, 0x0000000661800000| Untracked 
| 391|0x0000000661c00000, 0x0000000661c00000, 0x0000000662000000|  0%| F|  |TAMS 0x0000000661c00000, 0x0000000661c00000| Untracked 
| 392|0x0000000662000000, 0x0000000662000000, 0x0000000662400000|  0%| F|  |TAMS 0x0000000662000000, 0x0000000662000000| Untracked 
| 393|0x0000000662400000, 0x0000000662400000, 0x0000000662800000|  0%| F|  |TAMS 0x0000000662400000, 0x0000000662400000| Untracked 
| 394|0x0000000662800000, 0x0000000662800000, 0x0000000662c00000|  0%| F|  |TAMS 0x0000000662800000, 0x0000000662800000| Untracked 
| 395|0x0000000662c00000, 0x0000000662c00000, 0x0000000663000000|  0%| F|  |TAMS 0x0000000662c00000, 0x0000000662c00000| Untracked 
| 396|0x0000000663000000, 0x0000000663000000, 0x0000000663400000|  0%| F|  |TAMS 0x0000000663000000, 0x0000000663000000| Untracked 
| 397|0x0000000663400000, 0x0000000663400000, 0x0000000663800000|  0%| F|  |TAMS 0x0000000663400000, 0x0000000663400000| Untracked 
| 398|0x0000000663800000, 0x0000000663800000, 0x0000000663c00000|  0%| F|  |TAMS 0x0000000663800000, 0x0000000663800000| Untracked 
| 399|0x0000000663c00000, 0x0000000663c00000, 0x0000000664000000|  0%| F|  |TAMS 0x0000000663c00000, 0x0000000663c00000| Untracked 
| 400|0x0000000664000000, 0x0000000664000000, 0x0000000664400000|  0%| F|  |TAMS 0x0000000664000000, 0x0000000664000000| Untracked 
| 401|0x0000000664400000, 0x0000000664400000, 0x0000000664800000|  0%| F|  |TAMS 0x0000000664400000, 0x0000000664400000| Untracked 
| 402|0x0000000664800000, 0x0000000664800000, 0x0000000664c00000|  0%| F|  |TAMS 0x0000000664800000, 0x0000000664800000| Untracked 
| 403|0x0000000664c00000, 0x0000000664c00000, 0x0000000665000000|  0%| F|  |TAMS 0x0000000664c00000, 0x0000000664c00000| Untracked 
| 404|0x0000000665000000, 0x0000000665000000, 0x0000000665400000|  0%| F|  |TAMS 0x0000000665000000, 0x0000000665000000| Untracked 
| 405|0x0000000665400000, 0x0000000665400000, 0x0000000665800000|  0%| F|  |TAMS 0x0000000665400000, 0x0000000665400000| Untracked 
| 406|0x0000000665800000, 0x0000000665800000, 0x0000000665c00000|  0%| F|  |TAMS 0x0000000665800000, 0x0000000665800000| Untracked 
| 407|0x0000000665c00000, 0x0000000665c00000, 0x0000000666000000|  0%| F|  |TAMS 0x0000000665c00000, 0x0000000665c00000| Untracked 
| 408|0x0000000666000000, 0x0000000666000000, 0x0000000666400000|  0%| F|  |TAMS 0x0000000666000000, 0x0000000666000000| Untracked 
| 409|0x0000000666400000, 0x0000000666400000, 0x0000000666800000|  0%| F|  |TAMS 0x0000000666400000, 0x0000000666400000| Untracked 
| 410|0x0000000666800000, 0x0000000666800000, 0x0000000666c00000|  0%| F|  |TAMS 0x0000000666800000, 0x0000000666800000| Untracked 
| 411|0x0000000666c00000, 0x0000000666c00000, 0x0000000667000000|  0%| F|  |TAMS 0x0000000666c00000, 0x0000000666c00000| Untracked 
| 412|0x0000000667000000, 0x0000000667000000, 0x0000000667400000|  0%| F|  |TAMS 0x0000000667000000, 0x0000000667000000| Untracked 
| 413|0x0000000667400000, 0x0000000667400000, 0x0000000667800000|  0%| F|  |TAMS 0x0000000667400000, 0x0000000667400000| Untracked 
| 414|0x0000000667800000, 0x0000000667800000, 0x0000000667c00000|  0%| F|  |TAMS 0x0000000667800000, 0x0000000667800000| Untracked 
| 415|0x0000000667c00000, 0x0000000667c00000, 0x0000000668000000|  0%| F|  |TAMS 0x0000000667c00000, 0x0000000667c00000| Untracked 
| 416|0x0000000668000000, 0x0000000668000000, 0x0000000668400000|  0%| F|  |TAMS 0x0000000668000000, 0x0000000668000000| Untracked 
| 417|0x0000000668400000, 0x0000000668400000, 0x0000000668800000|  0%| F|  |TAMS 0x0000000668400000, 0x0000000668400000| Untracked 
| 418|0x0000000668800000, 0x0000000668800000, 0x0000000668c00000|  0%| F|  |TAMS 0x0000000668800000, 0x0000000668800000| Untracked 
| 419|0x0000000668c00000, 0x0000000668c00000, 0x0000000669000000|  0%| F|  |TAMS 0x0000000668c00000, 0x0000000668c00000| Untracked 
| 420|0x0000000669000000, 0x0000000669000000, 0x0000000669400000|  0%| F|  |TAMS 0x0000000669000000, 0x0000000669000000| Untracked 
| 421|0x0000000669400000, 0x0000000669400000, 0x0000000669800000|  0%| F|  |TAMS 0x0000000669400000, 0x0000000669400000| Untracked 
| 422|0x0000000669800000, 0x0000000669800000, 0x0000000669c00000|  0%| F|  |TAMS 0x0000000669800000, 0x0000000669800000| Untracked 
| 423|0x0000000669c00000, 0x0000000669c00000, 0x000000066a000000|  0%| F|  |TAMS 0x0000000669c00000, 0x0000000669c00000| Untracked 
| 424|0x000000066a000000, 0x000000066a000000, 0x000000066a400000|  0%| F|  |TAMS 0x000000066a000000, 0x000000066a000000| Untracked 
| 425|0x000000066a400000, 0x000000066a400000, 0x000000066a800000|  0%| F|  |TAMS 0x000000066a400000, 0x000000066a400000| Untracked 
| 426|0x000000066a800000, 0x000000066a800000, 0x000000066ac00000|  0%| F|  |TAMS 0x000000066a800000, 0x000000066a800000| Untracked 
| 427|0x000000066ac00000, 0x000000066ac00000, 0x000000066b000000|  0%| F|  |TAMS 0x000000066ac00000, 0x000000066ac00000| Untracked 
| 428|0x000000066b000000, 0x000000066b000000, 0x000000066b400000|  0%| F|  |TAMS 0x000000066b000000, 0x000000066b000000| Untracked 
| 429|0x000000066b400000, 0x000000066b400000, 0x000000066b800000|  0%| F|  |TAMS 0x000000066b400000, 0x000000066b400000| Untracked 
| 430|0x000000066b800000, 0x000000066b800000, 0x000000066bc00000|  0%| F|  |TAMS 0x000000066b800000, 0x000000066b800000| Untracked 
| 431|0x000000066bc00000, 0x000000066bc00000, 0x000000066c000000|  0%| F|  |TAMS 0x000000066bc00000, 0x000000066bc00000| Untracked 
| 432|0x000000066c000000, 0x000000066c000000, 0x000000066c400000|  0%| F|  |TAMS 0x000000066c000000, 0x000000066c000000| Untracked 
| 433|0x000000066c400000, 0x000000066c400000, 0x000000066c800000|  0%| F|  |TAMS 0x000000066c400000, 0x000000066c400000| Untracked 
| 434|0x000000066c800000, 0x000000066c800000, 0x000000066cc00000|  0%| F|  |TAMS 0x000000066c800000, 0x000000066c800000| Untracked 
| 435|0x000000066cc00000, 0x000000066cc00000, 0x000000066d000000|  0%| F|  |TAMS 0x000000066cc00000, 0x000000066cc00000| Untracked 
| 436|0x000000066d000000, 0x000000066d000000, 0x000000066d400000|  0%| F|  |TAMS 0x000000066d000000, 0x000000066d000000| Untracked 
| 437|0x000000066d400000, 0x000000066d400000, 0x000000066d800000|  0%| F|  |TAMS 0x000000066d400000, 0x000000066d400000| Untracked 
| 438|0x000000066d800000, 0x000000066d800000, 0x000000066dc00000|  0%| F|  |TAMS 0x000000066d800000, 0x000000066d800000| Untracked 
| 439|0x000000066dc00000, 0x000000066dc00000, 0x000000066e000000|  0%| F|  |TAMS 0x000000066dc00000, 0x000000066dc00000| Untracked 
| 440|0x000000066e000000, 0x000000066e000000, 0x000000066e400000|  0%| F|  |TAMS 0x000000066e000000, 0x000000066e000000| Untracked 
| 441|0x000000066e400000, 0x000000066e400000, 0x000000066e800000|  0%| F|  |TAMS 0x000000066e400000, 0x000000066e400000| Untracked 
| 442|0x000000066e800000, 0x000000066e800000, 0x000000066ec00000|  0%| F|  |TAMS 0x000000066e800000, 0x000000066e800000| Untracked 
| 443|0x000000066ec00000, 0x000000066ec00000, 0x000000066f000000|  0%| F|  |TAMS 0x000000066ec00000, 0x000000066ec00000| Untracked 
| 444|0x000000066f000000, 0x000000066f000000, 0x000000066f400000|  0%| F|  |TAMS 0x000000066f000000, 0x000000066f000000| Untracked 
| 445|0x000000066f400000, 0x000000066f400000, 0x000000066f800000|  0%| F|  |TAMS 0x000000066f400000, 0x000000066f400000| Untracked 
| 446|0x000000066f800000, 0x000000066f800000, 0x000000066fc00000|  0%| F|  |TAMS 0x000000066f800000, 0x000000066f800000| Untracked 
| 447|0x000000066fc00000, 0x000000066fc00000, 0x0000000670000000|  0%| F|  |TAMS 0x000000066fc00000, 0x000000066fc00000| Untracked 
| 448|0x0000000670000000, 0x0000000670000000, 0x0000000670400000|  0%| F|  |TAMS 0x0000000670000000, 0x0000000670000000| Untracked 
| 449|0x0000000670400000, 0x0000000670400000, 0x0000000670800000|  0%| F|  |TAMS 0x0000000670400000, 0x0000000670400000| Untracked 
| 450|0x0000000670800000, 0x0000000670800000, 0x0000000670c00000|  0%| F|  |TAMS 0x0000000670800000, 0x0000000670800000| Untracked 
| 451|0x0000000670c00000, 0x0000000670c00000, 0x0000000671000000|  0%| F|  |TAMS 0x0000000670c00000, 0x0000000670c00000| Untracked 
| 452|0x0000000671000000, 0x0000000671000000, 0x0000000671400000|  0%| F|  |TAMS 0x0000000671000000, 0x0000000671000000| Untracked 
| 453|0x0000000671400000, 0x0000000671400000, 0x0000000671800000|  0%| F|  |TAMS 0x0000000671400000, 0x0000000671400000| Untracked 
| 454|0x0000000671800000, 0x0000000671800000, 0x0000000671c00000|  0%| F|  |TAMS 0x0000000671800000, 0x0000000671800000| Untracked 
| 455|0x0000000671c00000, 0x0000000671c00000, 0x0000000672000000|  0%| F|  |TAMS 0x0000000671c00000, 0x0000000671c00000| Untracked 
| 456|0x0000000672000000, 0x0000000672000000, 0x0000000672400000|  0%| F|  |TAMS 0x0000000672000000, 0x0000000672000000| Untracked 
| 457|0x0000000672400000, 0x0000000672400000, 0x0000000672800000|  0%| F|  |TAMS 0x0000000672400000, 0x0000000672400000| Untracked 
| 458|0x0000000672800000, 0x0000000672800000, 0x0000000672c00000|  0%| F|  |TAMS 0x0000000672800000, 0x0000000672800000| Untracked 
| 459|0x0000000672c00000, 0x0000000672c00000, 0x0000000673000000|  0%| F|  |TAMS 0x0000000672c00000, 0x0000000672c00000| Untracked 
| 460|0x0000000673000000, 0x0000000673000000, 0x0000000673400000|  0%| F|  |TAMS 0x0000000673000000, 0x0000000673000000| Untracked 
| 461|0x0000000673400000, 0x0000000673400000, 0x0000000673800000|  0%| F|  |TAMS 0x0000000673400000, 0x0000000673400000| Untracked 
| 462|0x0000000673800000, 0x0000000673800000, 0x0000000673c00000|  0%| F|  |TAMS 0x0000000673800000, 0x0000000673800000| Untracked 
| 463|0x0000000673c00000, 0x0000000673c00000, 0x0000000674000000|  0%| F|  |TAMS 0x0000000673c00000, 0x0000000673c00000| Untracked 
| 464|0x0000000674000000, 0x0000000674000000, 0x0000000674400000|  0%| F|  |TAMS 0x0000000674000000, 0x0000000674000000| Untracked 
| 465|0x0000000674400000, 0x0000000674400000, 0x0000000674800000|  0%| F|  |TAMS 0x0000000674400000, 0x0000000674400000| Untracked 
| 466|0x0000000674800000, 0x0000000674800000, 0x0000000674c00000|  0%| F|  |TAMS 0x0000000674800000, 0x0000000674800000| Untracked 
| 467|0x0000000674c00000, 0x0000000674c00000, 0x0000000675000000|  0%| F|  |TAMS 0x0000000674c00000, 0x0000000674c00000| Untracked 
| 468|0x0000000675000000, 0x0000000675000000, 0x0000000675400000|  0%| F|  |TAMS 0x0000000675000000, 0x0000000675000000| Untracked 
| 469|0x0000000675400000, 0x0000000675400000, 0x0000000675800000|  0%| F|  |TAMS 0x0000000675400000, 0x0000000675400000| Untracked 
| 470|0x0000000675800000, 0x0000000675800000, 0x0000000675c00000|  0%| F|  |TAMS 0x0000000675800000, 0x0000000675800000| Untracked 
| 471|0x0000000675c00000, 0x0000000675c00000, 0x0000000676000000|  0%| F|  |TAMS 0x0000000675c00000, 0x0000000675c00000| Untracked 
| 472|0x0000000676000000, 0x0000000676000000, 0x0000000676400000|  0%| F|  |TAMS 0x0000000676000000, 0x0000000676000000| Untracked 
| 473|0x0000000676400000, 0x0000000676400000, 0x0000000676800000|  0%| F|  |TAMS 0x0000000676400000, 0x0000000676400000| Untracked 
| 474|0x0000000676800000, 0x0000000676800000, 0x0000000676c00000|  0%| F|  |TAMS 0x0000000676800000, 0x0000000676800000| Untracked 
| 475|0x0000000676c00000, 0x0000000676c00000, 0x0000000677000000|  0%| F|  |TAMS 0x0000000676c00000, 0x0000000676c00000| Untracked 
| 476|0x0000000677000000, 0x0000000677000000, 0x0000000677400000|  0%| F|  |TAMS 0x0000000677000000, 0x0000000677000000| Untracked 
| 477|0x0000000677400000, 0x0000000677400000, 0x0000000677800000|  0%| F|  |TAMS 0x0000000677400000, 0x0000000677400000| Untracked 
| 478|0x0000000677800000, 0x0000000677800000, 0x0000000677c00000|  0%| F|  |TAMS 0x0000000677800000, 0x0000000677800000| Untracked 
| 479|0x0000000677c00000, 0x0000000677c00000, 0x0000000678000000|  0%| F|  |TAMS 0x0000000677c00000, 0x0000000677c00000| Untracked 
| 480|0x0000000678000000, 0x0000000678000000, 0x0000000678400000|  0%| F|  |TAMS 0x0000000678000000, 0x0000000678000000| Untracked 
| 481|0x0000000678400000, 0x0000000678400000, 0x0000000678800000|  0%| F|  |TAMS 0x0000000678400000, 0x0000000678400000| Untracked 
| 482|0x0000000678800000, 0x0000000678800000, 0x0000000678c00000|  0%| F|  |TAMS 0x0000000678800000, 0x0000000678800000| Untracked 
| 483|0x0000000678c00000, 0x0000000678c00000, 0x0000000679000000|  0%| F|  |TAMS 0x0000000678c00000, 0x0000000678c00000| Untracked 
| 484|0x0000000679000000, 0x0000000679000000, 0x0000000679400000|  0%| F|  |TAMS 0x0000000679000000, 0x0000000679000000| Untracked 
| 485|0x0000000679400000, 0x0000000679400000, 0x0000000679800000|  0%| F|  |TAMS 0x0000000679400000, 0x0000000679400000| Untracked 
| 486|0x0000000679800000, 0x0000000679800000, 0x0000000679c00000|  0%| F|  |TAMS 0x0000000679800000, 0x0000000679800000| Untracked 
| 487|0x0000000679c00000, 0x0000000679c00000, 0x000000067a000000|  0%| F|  |TAMS 0x0000000679c00000, 0x0000000679c00000| Untracked 
| 488|0x000000067a000000, 0x000000067a000000, 0x000000067a400000|  0%| F|  |TAMS 0x000000067a000000, 0x000000067a000000| Untracked 
| 489|0x000000067a400000, 0x000000067a400000, 0x000000067a800000|  0%| F|  |TAMS 0x000000067a400000, 0x000000067a400000| Untracked 
| 490|0x000000067a800000, 0x000000067a800000, 0x000000067ac00000|  0%| F|  |TAMS 0x000000067a800000, 0x000000067a800000| Untracked 
| 491|0x000000067ac00000, 0x000000067ac00000, 0x000000067b000000|  0%| F|  |TAMS 0x000000067ac00000, 0x000000067ac00000| Untracked 
| 492|0x000000067b000000, 0x000000067b000000, 0x000000067b400000|  0%| F|  |TAMS 0x000000067b000000, 0x000000067b000000| Untracked 
| 493|0x000000067b400000, 0x000000067b400000, 0x000000067b800000|  0%| F|  |TAMS 0x000000067b400000, 0x000000067b400000| Untracked 
| 494|0x000000067b800000, 0x000000067b800000, 0x000000067bc00000|  0%| F|  |TAMS 0x000000067b800000, 0x000000067b800000| Untracked 
| 495|0x000000067bc00000, 0x000000067bc00000, 0x000000067c000000|  0%| F|  |TAMS 0x000000067bc00000, 0x000000067bc00000| Untracked 
| 496|0x000000067c000000, 0x000000067c000000, 0x000000067c400000|  0%| F|  |TAMS 0x000000067c000000, 0x000000067c000000| Untracked 
| 497|0x000000067c400000, 0x000000067c400000, 0x000000067c800000|  0%| F|  |TAMS 0x000000067c400000, 0x000000067c400000| Untracked 
| 498|0x000000067c800000, 0x000000067c800000, 0x000000067cc00000|  0%| F|  |TAMS 0x000000067c800000, 0x000000067c800000| Untracked 
| 499|0x000000067cc00000, 0x000000067cc00000, 0x000000067d000000|  0%| F|  |TAMS 0x000000067cc00000, 0x000000067cc00000| Untracked 
| 500|0x000000067d000000, 0x000000067d000000, 0x000000067d400000|  0%| F|  |TAMS 0x000000067d000000, 0x000000067d000000| Untracked 
| 501|0x000000067d400000, 0x000000067d400000, 0x000000067d800000|  0%| F|  |TAMS 0x000000067d400000, 0x000000067d400000| Untracked 
| 502|0x000000067d800000, 0x000000067d800000, 0x000000067dc00000|  0%| F|  |TAMS 0x000000067d800000, 0x000000067d800000| Untracked 
| 503|0x000000067dc00000, 0x000000067dc00000, 0x000000067e000000|  0%| F|  |TAMS 0x000000067dc00000, 0x000000067dc00000| Untracked 
| 504|0x000000067e000000, 0x000000067e000000, 0x000000067e400000|  0%| F|  |TAMS 0x000000067e000000, 0x000000067e000000| Untracked 
| 505|0x000000067e400000, 0x000000067e400000, 0x000000067e800000|  0%| F|  |TAMS 0x000000067e400000, 0x000000067e400000| Untracked 
| 506|0x000000067e800000, 0x000000067e800000, 0x000000067ec00000|  0%| F|  |TAMS 0x000000067e800000, 0x000000067e800000| Untracked 
| 507|0x000000067ec00000, 0x000000067ec00000, 0x000000067f000000|  0%| F|  |TAMS 0x000000067ec00000, 0x000000067ec00000| Untracked 
| 508|0x000000067f000000, 0x000000067f000000, 0x000000067f400000|  0%| F|  |TAMS 0x000000067f000000, 0x000000067f000000| Untracked 
| 509|0x000000067f400000, 0x000000067f400000, 0x000000067f800000|  0%| F|  |TAMS 0x000000067f400000, 0x000000067f400000| Untracked 
| 510|0x000000067f800000, 0x000000067f800000, 0x000000067fc00000|  0%| F|  |TAMS 0x000000067f800000, 0x000000067f800000| Untracked 
| 511|0x000000067fc00000, 0x000000067fc00000, 0x0000000680000000|  0%| F|  |TAMS 0x000000067fc00000, 0x000000067fc00000| Untracked 
| 512|0x0000000680000000, 0x0000000680000000, 0x0000000680400000|  0%| F|  |TAMS 0x0000000680000000, 0x0000000680000000| Untracked 
| 513|0x0000000680400000, 0x0000000680400000, 0x0000000680800000|  0%| F|  |TAMS 0x0000000680400000, 0x0000000680400000| Untracked 
| 514|0x0000000680800000, 0x0000000680800000, 0x0000000680c00000|  0%| F|  |TAMS 0x0000000680800000, 0x0000000680800000| Untracked 
| 515|0x0000000680c00000, 0x0000000680c00000, 0x0000000681000000|  0%| F|  |TAMS 0x0000000680c00000, 0x0000000680c00000| Untracked 
| 516|0x0000000681000000, 0x0000000681000000, 0x0000000681400000|  0%| F|  |TAMS 0x0000000681000000, 0x0000000681000000| Untracked 
| 517|0x0000000681400000, 0x0000000681400000, 0x0000000681800000|  0%| F|  |TAMS 0x0000000681400000, 0x0000000681400000| Untracked 
| 518|0x0000000681800000, 0x0000000681800000, 0x0000000681c00000|  0%| F|  |TAMS 0x0000000681800000, 0x0000000681800000| Untracked 
| 519|0x0000000681c00000, 0x0000000681c00000, 0x0000000682000000|  0%| F|  |TAMS 0x0000000681c00000, 0x0000000681c00000| Untracked 
| 520|0x0000000682000000, 0x0000000682000000, 0x0000000682400000|  0%| F|  |TAMS 0x0000000682000000, 0x0000000682000000| Untracked 
| 521|0x0000000682400000, 0x0000000682400000, 0x0000000682800000|  0%| F|  |TAMS 0x0000000682400000, 0x0000000682400000| Untracked 
| 522|0x0000000682800000, 0x0000000682800000, 0x0000000682c00000|  0%| F|  |TAMS 0x0000000682800000, 0x0000000682800000| Untracked 
| 523|0x0000000682c00000, 0x0000000682c00000, 0x0000000683000000|  0%| F|  |TAMS 0x0000000682c00000, 0x0000000682c00000| Untracked 
| 524|0x0000000683000000, 0x0000000683000000, 0x0000000683400000|  0%| F|  |TAMS 0x0000000683000000, 0x0000000683000000| Untracked 
| 525|0x0000000683400000, 0x0000000683400000, 0x0000000683800000|  0%| F|  |TAMS 0x0000000683400000, 0x0000000683400000| Untracked 
| 526|0x0000000683800000, 0x0000000683800000, 0x0000000683c00000|  0%| F|  |TAMS 0x0000000683800000, 0x0000000683800000| Untracked 
| 527|0x0000000683c00000, 0x0000000683c00000, 0x0000000684000000|  0%| F|  |TAMS 0x0000000683c00000, 0x0000000683c00000| Untracked 
| 528|0x0000000684000000, 0x0000000684000000, 0x0000000684400000|  0%| F|  |TAMS 0x0000000684000000, 0x0000000684000000| Untracked 
| 529|0x0000000684400000, 0x0000000684400000, 0x0000000684800000|  0%| F|  |TAMS 0x0000000684400000, 0x0000000684400000| Untracked 
| 530|0x0000000684800000, 0x0000000684800000, 0x0000000684c00000|  0%| F|  |TAMS 0x0000000684800000, 0x0000000684800000| Untracked 
| 531|0x0000000684c00000, 0x0000000684c00000, 0x0000000685000000|  0%| F|  |TAMS 0x0000000684c00000, 0x0000000684c00000| Untracked 
| 532|0x0000000685000000, 0x0000000685000000, 0x0000000685400000|  0%| F|  |TAMS 0x0000000685000000, 0x0000000685000000| Untracked 
| 533|0x0000000685400000, 0x0000000685400000, 0x0000000685800000|  0%| F|  |TAMS 0x0000000685400000, 0x0000000685400000| Untracked 
| 534|0x0000000685800000, 0x0000000685800000, 0x0000000685c00000|  0%| F|  |TAMS 0x0000000685800000, 0x0000000685800000| Untracked 
| 535|0x0000000685c00000, 0x0000000685c00000, 0x0000000686000000|  0%| F|  |TAMS 0x0000000685c00000, 0x0000000685c00000| Untracked 
| 536|0x0000000686000000, 0x0000000686000000, 0x0000000686400000|  0%| F|  |TAMS 0x0000000686000000, 0x0000000686000000| Untracked 
| 537|0x0000000686400000, 0x0000000686400000, 0x0000000686800000|  0%| F|  |TAMS 0x0000000686400000, 0x0000000686400000| Untracked 
| 538|0x0000000686800000, 0x0000000686800000, 0x0000000686c00000|  0%| F|  |TAMS 0x0000000686800000, 0x0000000686800000| Untracked 
| 539|0x0000000686c00000, 0x0000000686c00000, 0x0000000687000000|  0%| F|  |TAMS 0x0000000686c00000, 0x0000000686c00000| Untracked 
| 540|0x0000000687000000, 0x0000000687000000, 0x0000000687400000|  0%| F|  |TAMS 0x0000000687000000, 0x0000000687000000| Untracked 
| 541|0x0000000687400000, 0x0000000687400000, 0x0000000687800000|  0%| F|  |TAMS 0x0000000687400000, 0x0000000687400000| Untracked 
| 542|0x0000000687800000, 0x0000000687800000, 0x0000000687c00000|  0%| F|  |TAMS 0x0000000687800000, 0x0000000687800000| Untracked 
| 543|0x0000000687c00000, 0x0000000687c00000, 0x0000000688000000|  0%| F|  |TAMS 0x0000000687c00000, 0x0000000687c00000| Untracked 
| 544|0x0000000688000000, 0x0000000688000000, 0x0000000688400000|  0%| F|  |TAMS 0x0000000688000000, 0x0000000688000000| Untracked 
| 545|0x0000000688400000, 0x0000000688400000, 0x0000000688800000|  0%| F|  |TAMS 0x0000000688400000, 0x0000000688400000| Untracked 
| 546|0x0000000688800000, 0x0000000688800000, 0x0000000688c00000|  0%| F|  |TAMS 0x0000000688800000, 0x0000000688800000| Untracked 
| 547|0x0000000688c00000, 0x0000000688c00000, 0x0000000689000000|  0%| F|  |TAMS 0x0000000688c00000, 0x0000000688c00000| Untracked 
| 548|0x0000000689000000, 0x0000000689000000, 0x0000000689400000|  0%| F|  |TAMS 0x0000000689000000, 0x0000000689000000| Untracked 
| 549|0x0000000689400000, 0x0000000689400000, 0x0000000689800000|  0%| F|  |TAMS 0x0000000689400000, 0x0000000689400000| Untracked 
| 550|0x0000000689800000, 0x0000000689800000, 0x0000000689c00000|  0%| F|  |TAMS 0x0000000689800000, 0x0000000689800000| Untracked 
| 551|0x0000000689c00000, 0x0000000689c00000, 0x000000068a000000|  0%| F|  |TAMS 0x0000000689c00000, 0x0000000689c00000| Untracked 
| 552|0x000000068a000000, 0x000000068a000000, 0x000000068a400000|  0%| F|  |TAMS 0x000000068a000000, 0x000000068a000000| Untracked 
| 553|0x000000068a400000, 0x000000068a400000, 0x000000068a800000|  0%| F|  |TAMS 0x000000068a400000, 0x000000068a400000| Untracked 
| 554|0x000000068a800000, 0x000000068a800000, 0x000000068ac00000|  0%| F|  |TAMS 0x000000068a800000, 0x000000068a800000| Untracked 
| 555|0x000000068ac00000, 0x000000068ac00000, 0x000000068b000000|  0%| F|  |TAMS 0x000000068ac00000, 0x000000068ac00000| Untracked 
| 556|0x000000068b000000, 0x000000068b000000, 0x000000068b400000|  0%| F|  |TAMS 0x000000068b000000, 0x000000068b000000| Untracked 
| 557|0x000000068b400000, 0x000000068b400000, 0x000000068b800000|  0%| F|  |TAMS 0x000000068b400000, 0x000000068b400000| Untracked 
| 558|0x000000068b800000, 0x000000068b800000, 0x000000068bc00000|  0%| F|  |TAMS 0x000000068b800000, 0x000000068b800000| Untracked 
| 559|0x000000068bc00000, 0x000000068bc00000, 0x000000068c000000|  0%| F|  |TAMS 0x000000068bc00000, 0x000000068bc00000| Untracked 
| 560|0x000000068c000000, 0x000000068c000000, 0x000000068c400000|  0%| F|  |TAMS 0x000000068c000000, 0x000000068c000000| Untracked 
| 561|0x000000068c400000, 0x000000068c400000, 0x000000068c800000|  0%| F|  |TAMS 0x000000068c400000, 0x000000068c400000| Untracked 
| 562|0x000000068c800000, 0x000000068c800000, 0x000000068cc00000|  0%| F|  |TAMS 0x000000068c800000, 0x000000068c800000| Untracked 
| 563|0x000000068cc00000, 0x000000068cc00000, 0x000000068d000000|  0%| F|  |TAMS 0x000000068cc00000, 0x000000068cc00000| Untracked 
| 564|0x000000068d000000, 0x000000068d000000, 0x000000068d400000|  0%| F|  |TAMS 0x000000068d000000, 0x000000068d000000| Untracked 
| 565|0x000000068d400000, 0x000000068d400000, 0x000000068d800000|  0%| F|  |TAMS 0x000000068d400000, 0x000000068d400000| Untracked 
| 566|0x000000068d800000, 0x000000068d800000, 0x000000068dc00000|  0%| F|  |TAMS 0x000000068d800000, 0x000000068d800000| Untracked 
| 567|0x000000068dc00000, 0x000000068dc00000, 0x000000068e000000|  0%| F|  |TAMS 0x000000068dc00000, 0x000000068dc00000| Untracked 
| 568|0x000000068e000000, 0x000000068e000000, 0x000000068e400000|  0%| F|  |TAMS 0x000000068e000000, 0x000000068e000000| Untracked 
| 569|0x000000068e400000, 0x000000068e400000, 0x000000068e800000|  0%| F|  |TAMS 0x000000068e400000, 0x000000068e400000| Untracked 
| 570|0x000000068e800000, 0x000000068e800000, 0x000000068ec00000|  0%| F|  |TAMS 0x000000068e800000, 0x000000068e800000| Untracked 
| 571|0x000000068ec00000, 0x000000068ec00000, 0x000000068f000000|  0%| F|  |TAMS 0x000000068ec00000, 0x000000068ec00000| Untracked 
| 572|0x000000068f000000, 0x000000068f000000, 0x000000068f400000|  0%| F|  |TAMS 0x000000068f000000, 0x000000068f000000| Untracked 
| 573|0x000000068f400000, 0x000000068f400000, 0x000000068f800000|  0%| F|  |TAMS 0x000000068f400000, 0x000000068f400000| Untracked 
| 574|0x000000068f800000, 0x000000068f800000, 0x000000068fc00000|  0%| F|  |TAMS 0x000000068f800000, 0x000000068f800000| Untracked 
| 575|0x000000068fc00000, 0x000000068fc00000, 0x0000000690000000|  0%| F|  |TAMS 0x000000068fc00000, 0x000000068fc00000| Untracked 
| 576|0x0000000690000000, 0x0000000690000000, 0x0000000690400000|  0%| F|  |TAMS 0x0000000690000000, 0x0000000690000000| Untracked 
| 577|0x0000000690400000, 0x0000000690400000, 0x0000000690800000|  0%| F|  |TAMS 0x0000000690400000, 0x0000000690400000| Untracked 
| 578|0x0000000690800000, 0x0000000690800000, 0x0000000690c00000|  0%| F|  |TAMS 0x0000000690800000, 0x0000000690800000| Untracked 
| 579|0x0000000690c00000, 0x0000000690c00000, 0x0000000691000000|  0%| F|  |TAMS 0x0000000690c00000, 0x0000000690c00000| Untracked 
| 580|0x0000000691000000, 0x0000000691000000, 0x0000000691400000|  0%| F|  |TAMS 0x0000000691000000, 0x0000000691000000| Untracked 
| 581|0x0000000691400000, 0x0000000691400000, 0x0000000691800000|  0%| F|  |TAMS 0x0000000691400000, 0x0000000691400000| Untracked 
| 582|0x0000000691800000, 0x0000000691800000, 0x0000000691c00000|  0%| F|  |TAMS 0x0000000691800000, 0x0000000691800000| Untracked 
| 583|0x0000000691c00000, 0x0000000691c00000, 0x0000000692000000|  0%| F|  |TAMS 0x0000000691c00000, 0x0000000691c00000| Untracked 
| 584|0x0000000692000000, 0x0000000692000000, 0x0000000692400000|  0%| F|  |TAMS 0x0000000692000000, 0x0000000692000000| Untracked 
| 585|0x0000000692400000, 0x0000000692400000, 0x0000000692800000|  0%| F|  |TAMS 0x0000000692400000, 0x0000000692400000| Untracked 
| 586|0x0000000692800000, 0x0000000692800000, 0x0000000692c00000|  0%| F|  |TAMS 0x0000000692800000, 0x0000000692800000| Untracked 
| 587|0x0000000692c00000, 0x0000000692c00000, 0x0000000693000000|  0%| F|  |TAMS 0x0000000692c00000, 0x0000000692c00000| Untracked 
| 588|0x0000000693000000, 0x0000000693000000, 0x0000000693400000|  0%| F|  |TAMS 0x0000000693000000, 0x0000000693000000| Untracked 
| 589|0x0000000693400000, 0x0000000693400000, 0x0000000693800000|  0%| F|  |TAMS 0x0000000693400000, 0x0000000693400000| Untracked 
| 590|0x0000000693800000, 0x0000000693800000, 0x0000000693c00000|  0%| F|  |TAMS 0x0000000693800000, 0x0000000693800000| Untracked 
| 591|0x0000000693c00000, 0x0000000693c00000, 0x0000000694000000|  0%| F|  |TAMS 0x0000000693c00000, 0x0000000693c00000| Untracked 
| 592|0x0000000694000000, 0x0000000694000000, 0x0000000694400000|  0%| F|  |TAMS 0x0000000694000000, 0x0000000694000000| Untracked 
| 593|0x0000000694400000, 0x0000000694400000, 0x0000000694800000|  0%| F|  |TAMS 0x0000000694400000, 0x0000000694400000| Untracked 
| 594|0x0000000694800000, 0x0000000694800000, 0x0000000694c00000|  0%| F|  |TAMS 0x0000000694800000, 0x0000000694800000| Untracked 
| 595|0x0000000694c00000, 0x0000000694c00000, 0x0000000695000000|  0%| F|  |TAMS 0x0000000694c00000, 0x0000000694c00000| Untracked 
| 596|0x0000000695000000, 0x0000000695000000, 0x0000000695400000|  0%| F|  |TAMS 0x0000000695000000, 0x0000000695000000| Untracked 
| 597|0x0000000695400000, 0x0000000695400000, 0x0000000695800000|  0%| F|  |TAMS 0x0000000695400000, 0x0000000695400000| Untracked 
| 598|0x0000000695800000, 0x0000000695800000, 0x0000000695c00000|  0%| F|  |TAMS 0x0000000695800000, 0x0000000695800000| Untracked 
| 599|0x0000000695c00000, 0x0000000695c00000, 0x0000000696000000|  0%| F|  |TAMS 0x0000000695c00000, 0x0000000695c00000| Untracked 
| 600|0x0000000696000000, 0x0000000696000000, 0x0000000696400000|  0%| F|  |TAMS 0x0000000696000000, 0x0000000696000000| Untracked 
| 601|0x0000000696400000, 0x0000000696400000, 0x0000000696800000|  0%| F|  |TAMS 0x0000000696400000, 0x0000000696400000| Untracked 
| 602|0x0000000696800000, 0x0000000696800000, 0x0000000696c00000|  0%| F|  |TAMS 0x0000000696800000, 0x0000000696800000| Untracked 
| 603|0x0000000696c00000, 0x0000000696c00000, 0x0000000697000000|  0%| F|  |TAMS 0x0000000696c00000, 0x0000000696c00000| Untracked 
| 604|0x0000000697000000, 0x0000000697000000, 0x0000000697400000|  0%| F|  |TAMS 0x0000000697000000, 0x0000000697000000| Untracked 
| 605|0x0000000697400000, 0x0000000697400000, 0x0000000697800000|  0%| F|  |TAMS 0x0000000697400000, 0x0000000697400000| Untracked 
| 606|0x0000000697800000, 0x0000000697800000, 0x0000000697c00000|  0%| F|  |TAMS 0x0000000697800000, 0x0000000697800000| Untracked 
| 607|0x0000000697c00000, 0x0000000697c00000, 0x0000000698000000|  0%| F|  |TAMS 0x0000000697c00000, 0x0000000697c00000| Untracked 
| 608|0x0000000698000000, 0x0000000698000000, 0x0000000698400000|  0%| F|  |TAMS 0x0000000698000000, 0x0000000698000000| Untracked 
| 609|0x0000000698400000, 0x0000000698400000, 0x0000000698800000|  0%| F|  |TAMS 0x0000000698400000, 0x0000000698400000| Untracked 
| 610|0x0000000698800000, 0x0000000698800000, 0x0000000698c00000|  0%| F|  |TAMS 0x0000000698800000, 0x0000000698800000| Untracked 
| 611|0x0000000698c00000, 0x0000000698c00000, 0x0000000699000000|  0%| F|  |TAMS 0x0000000698c00000, 0x0000000698c00000| Untracked 
| 612|0x0000000699000000, 0x0000000699000000, 0x0000000699400000|  0%| F|  |TAMS 0x0000000699000000, 0x0000000699000000| Untracked 
| 613|0x0000000699400000, 0x0000000699400000, 0x0000000699800000|  0%| F|  |TAMS 0x0000000699400000, 0x0000000699400000| Untracked 
| 614|0x0000000699800000, 0x0000000699800000, 0x0000000699c00000|  0%| F|  |TAMS 0x0000000699800000, 0x0000000699800000| Untracked 
| 615|0x0000000699c00000, 0x0000000699c00000, 0x000000069a000000|  0%| F|  |TAMS 0x0000000699c00000, 0x0000000699c00000| Untracked 
| 616|0x000000069a000000, 0x000000069a000000, 0x000000069a400000|  0%| F|  |TAMS 0x000000069a000000, 0x000000069a000000| Untracked 
| 617|0x000000069a400000, 0x000000069a400000, 0x000000069a800000|  0%| F|  |TAMS 0x000000069a400000, 0x000000069a400000| Untracked 
| 618|0x000000069a800000, 0x000000069a800000, 0x000000069ac00000|  0%| F|  |TAMS 0x000000069a800000, 0x000000069a800000| Untracked 
| 619|0x000000069ac00000, 0x000000069ac00000, 0x000000069b000000|  0%| F|  |TAMS 0x000000069ac00000, 0x000000069ac00000| Untracked 
| 620|0x000000069b000000, 0x000000069b000000, 0x000000069b400000|  0%| F|  |TAMS 0x000000069b000000, 0x000000069b000000| Untracked 
| 621|0x000000069b400000, 0x000000069b400000, 0x000000069b800000|  0%| F|  |TAMS 0x000000069b400000, 0x000000069b400000| Untracked 
| 622|0x000000069b800000, 0x000000069b800000, 0x000000069bc00000|  0%| F|  |TAMS 0x000000069b800000, 0x000000069b800000| Untracked 
| 623|0x000000069bc00000, 0x000000069bc00000, 0x000000069c000000|  0%| F|  |TAMS 0x000000069bc00000, 0x000000069bc00000| Untracked 
| 624|0x000000069c000000, 0x000000069c000000, 0x000000069c400000|  0%| F|  |TAMS 0x000000069c000000, 0x000000069c000000| Untracked 
| 625|0x000000069c400000, 0x000000069c400000, 0x000000069c800000|  0%| F|  |TAMS 0x000000069c400000, 0x000000069c400000| Untracked 
| 626|0x000000069c800000, 0x000000069c800000, 0x000000069cc00000|  0%| F|  |TAMS 0x000000069c800000, 0x000000069c800000| Untracked 
| 627|0x000000069cc00000, 0x000000069cc00000, 0x000000069d000000|  0%| F|  |TAMS 0x000000069cc00000, 0x000000069cc00000| Untracked 
| 628|0x000000069d000000, 0x000000069d000000, 0x000000069d400000|  0%| F|  |TAMS 0x000000069d000000, 0x000000069d000000| Untracked 
| 629|0x000000069d400000, 0x000000069d400000, 0x000000069d800000|  0%| F|  |TAMS 0x000000069d400000, 0x000000069d400000| Untracked 
| 630|0x000000069d800000, 0x000000069d800000, 0x000000069dc00000|  0%| F|  |TAMS 0x000000069d800000, 0x000000069d800000| Untracked 
| 631|0x000000069dc00000, 0x000000069dc00000, 0x000000069e000000|  0%| F|  |TAMS 0x000000069dc00000, 0x000000069dc00000| Untracked 
| 632|0x000000069e000000, 0x000000069e000000, 0x000000069e400000|  0%| F|  |TAMS 0x000000069e000000, 0x000000069e000000| Untracked 
| 633|0x000000069e400000, 0x000000069e400000, 0x000000069e800000|  0%| F|  |TAMS 0x000000069e400000, 0x000000069e400000| Untracked 
| 634|0x000000069e800000, 0x000000069e800000, 0x000000069ec00000|  0%| F|  |TAMS 0x000000069e800000, 0x000000069e800000| Untracked 
| 635|0x000000069ec00000, 0x000000069ec00000, 0x000000069f000000|  0%| F|  |TAMS 0x000000069ec00000, 0x000000069ec00000| Untracked 
| 636|0x000000069f000000, 0x000000069f000000, 0x000000069f400000|  0%| F|  |TAMS 0x000000069f000000, 0x000000069f000000| Untracked 
| 637|0x000000069f400000, 0x000000069f400000, 0x000000069f800000|  0%| F|  |TAMS 0x000000069f400000, 0x000000069f400000| Untracked 
| 638|0x000000069f800000, 0x000000069f800000, 0x000000069fc00000|  0%| F|  |TAMS 0x000000069f800000, 0x000000069f800000| Untracked 
| 639|0x000000069fc00000, 0x000000069fc00000, 0x00000006a0000000|  0%| F|  |TAMS 0x000000069fc00000, 0x000000069fc00000| Untracked 
| 640|0x00000006a0000000, 0x00000006a0000000, 0x00000006a0400000|  0%| F|  |TAMS 0x00000006a0000000, 0x00000006a0000000| Untracked 
| 641|0x00000006a0400000, 0x00000006a0400000, 0x00000006a0800000|  0%| F|  |TAMS 0x00000006a0400000, 0x00000006a0400000| Untracked 
| 642|0x00000006a0800000, 0x00000006a0800000, 0x00000006a0c00000|  0%| F|  |TAMS 0x00000006a0800000, 0x00000006a0800000| Untracked 
| 643|0x00000006a0c00000, 0x00000006a0c00000, 0x00000006a1000000|  0%| F|  |TAMS 0x00000006a0c00000, 0x00000006a0c00000| Untracked 
| 644|0x00000006a1000000, 0x00000006a1000000, 0x00000006a1400000|  0%| F|  |TAMS 0x00000006a1000000, 0x00000006a1000000| Untracked 
| 645|0x00000006a1400000, 0x00000006a1400000, 0x00000006a1800000|  0%| F|  |TAMS 0x00000006a1400000, 0x00000006a1400000| Untracked 
| 646|0x00000006a1800000, 0x00000006a1800000, 0x00000006a1c00000|  0%| F|  |TAMS 0x00000006a1800000, 0x00000006a1800000| Untracked 
| 647|0x00000006a1c00000, 0x00000006a1c00000, 0x00000006a2000000|  0%| F|  |TAMS 0x00000006a1c00000, 0x00000006a1c00000| Untracked 
| 648|0x00000006a2000000, 0x00000006a2000000, 0x00000006a2400000|  0%| F|  |TAMS 0x00000006a2000000, 0x00000006a2000000| Untracked 
| 649|0x00000006a2400000, 0x00000006a2400000, 0x00000006a2800000|  0%| F|  |TAMS 0x00000006a2400000, 0x00000006a2400000| Untracked 
| 650|0x00000006a2800000, 0x00000006a2800000, 0x00000006a2c00000|  0%| F|  |TAMS 0x00000006a2800000, 0x00000006a2800000| Untracked 
| 651|0x00000006a2c00000, 0x00000006a2c00000, 0x00000006a3000000|  0%| F|  |TAMS 0x00000006a2c00000, 0x00000006a2c00000| Untracked 
| 652|0x00000006a3000000, 0x00000006a3000000, 0x00000006a3400000|  0%| F|  |TAMS 0x00000006a3000000, 0x00000006a3000000| Untracked 
| 653|0x00000006a3400000, 0x00000006a3400000, 0x00000006a3800000|  0%| F|  |TAMS 0x00000006a3400000, 0x00000006a3400000| Untracked 
| 654|0x00000006a3800000, 0x00000006a3800000, 0x00000006a3c00000|  0%| F|  |TAMS 0x00000006a3800000, 0x00000006a3800000| Untracked 
| 655|0x00000006a3c00000, 0x00000006a3c00000, 0x00000006a4000000|  0%| F|  |TAMS 0x00000006a3c00000, 0x00000006a3c00000| Untracked 
| 656|0x00000006a4000000, 0x00000006a4000000, 0x00000006a4400000|  0%| F|  |TAMS 0x00000006a4000000, 0x00000006a4000000| Untracked 
| 657|0x00000006a4400000, 0x00000006a4400000, 0x00000006a4800000|  0%| F|  |TAMS 0x00000006a4400000, 0x00000006a4400000| Untracked 
| 658|0x00000006a4800000, 0x00000006a4800000, 0x00000006a4c00000|  0%| F|  |TAMS 0x00000006a4800000, 0x00000006a4800000| Untracked 
| 659|0x00000006a4c00000, 0x00000006a4c00000, 0x00000006a5000000|  0%| F|  |TAMS 0x00000006a4c00000, 0x00000006a4c00000| Untracked 
| 660|0x00000006a5000000, 0x00000006a5000000, 0x00000006a5400000|  0%| F|  |TAMS 0x00000006a5000000, 0x00000006a5000000| Untracked 
| 661|0x00000006a5400000, 0x00000006a5400000, 0x00000006a5800000|  0%| F|  |TAMS 0x00000006a5400000, 0x00000006a5400000| Untracked 
| 662|0x00000006a5800000, 0x00000006a5800000, 0x00000006a5c00000|  0%| F|  |TAMS 0x00000006a5800000, 0x00000006a5800000| Untracked 
| 663|0x00000006a5c00000, 0x00000006a5c00000, 0x00000006a6000000|  0%| F|  |TAMS 0x00000006a5c00000, 0x00000006a5c00000| Untracked 
| 664|0x00000006a6000000, 0x00000006a6000000, 0x00000006a6400000|  0%| F|  |TAMS 0x00000006a6000000, 0x00000006a6000000| Untracked 
| 665|0x00000006a6400000, 0x00000006a6400000, 0x00000006a6800000|  0%| F|  |TAMS 0x00000006a6400000, 0x00000006a6400000| Untracked 
| 666|0x00000006a6800000, 0x00000006a6800000, 0x00000006a6c00000|  0%| F|  |TAMS 0x00000006a6800000, 0x00000006a6800000| Untracked 
| 667|0x00000006a6c00000, 0x00000006a6c00000, 0x00000006a7000000|  0%| F|  |TAMS 0x00000006a6c00000, 0x00000006a6c00000| Untracked 
| 668|0x00000006a7000000, 0x00000006a7000000, 0x00000006a7400000|  0%| F|  |TAMS 0x00000006a7000000, 0x00000006a7000000| Untracked 
| 669|0x00000006a7400000, 0x00000006a7400000, 0x00000006a7800000|  0%| F|  |TAMS 0x00000006a7400000, 0x00000006a7400000| Untracked 
| 670|0x00000006a7800000, 0x00000006a7800000, 0x00000006a7c00000|  0%| F|  |TAMS 0x00000006a7800000, 0x00000006a7800000| Untracked 
| 671|0x00000006a7c00000, 0x00000006a7c00000, 0x00000006a8000000|  0%| F|  |TAMS 0x00000006a7c00000, 0x00000006a7c00000| Untracked 
| 672|0x00000006a8000000, 0x00000006a8000000, 0x00000006a8400000|  0%| F|  |TAMS 0x00000006a8000000, 0x00000006a8000000| Untracked 
| 673|0x00000006a8400000, 0x00000006a8400000, 0x00000006a8800000|  0%| F|  |TAMS 0x00000006a8400000, 0x00000006a8400000| Untracked 
| 674|0x00000006a8800000, 0x00000006a8800000, 0x00000006a8c00000|  0%| F|  |TAMS 0x00000006a8800000, 0x00000006a8800000| Untracked 
| 675|0x00000006a8c00000, 0x00000006a8c00000, 0x00000006a9000000|  0%| F|  |TAMS 0x00000006a8c00000, 0x00000006a8c00000| Untracked 
| 676|0x00000006a9000000, 0x00000006a9000000, 0x00000006a9400000|  0%| F|  |TAMS 0x00000006a9000000, 0x00000006a9000000| Untracked 
| 677|0x00000006a9400000, 0x00000006a9400000, 0x00000006a9800000|  0%| F|  |TAMS 0x00000006a9400000, 0x00000006a9400000| Untracked 
| 678|0x00000006a9800000, 0x00000006a9800000, 0x00000006a9c00000|  0%| F|  |TAMS 0x00000006a9800000, 0x00000006a9800000| Untracked 
| 679|0x00000006a9c00000, 0x00000006a9c00000, 0x00000006aa000000|  0%| F|  |TAMS 0x00000006a9c00000, 0x00000006a9c00000| Untracked 
| 680|0x00000006aa000000, 0x00000006aa000000, 0x00000006aa400000|  0%| F|  |TAMS 0x00000006aa000000, 0x00000006aa000000| Untracked 
| 681|0x00000006aa400000, 0x00000006aa400000, 0x00000006aa800000|  0%| F|  |TAMS 0x00000006aa400000, 0x00000006aa400000| Untracked 
| 682|0x00000006aa800000, 0x00000006aa800000, 0x00000006aac00000|  0%| F|  |TAMS 0x00000006aa800000, 0x00000006aa800000| Untracked 
| 683|0x00000006aac00000, 0x00000006aac00000, 0x00000006ab000000|  0%| F|  |TAMS 0x00000006aac00000, 0x00000006aac00000| Untracked 
| 684|0x00000006ab000000, 0x00000006ab000000, 0x00000006ab400000|  0%| F|  |TAMS 0x00000006ab000000, 0x00000006ab000000| Untracked 
| 685|0x00000006ab400000, 0x00000006ab400000, 0x00000006ab800000|  0%| F|  |TAMS 0x00000006ab400000, 0x00000006ab400000| Untracked 
| 686|0x00000006ab800000, 0x00000006ab800000, 0x00000006abc00000|  0%| F|  |TAMS 0x00000006ab800000, 0x00000006ab800000| Untracked 
| 687|0x00000006abc00000, 0x00000006abc00000, 0x00000006ac000000|  0%| F|  |TAMS 0x00000006abc00000, 0x00000006abc00000| Untracked 
| 688|0x00000006ac000000, 0x00000006ac000000, 0x00000006ac400000|  0%| F|  |TAMS 0x00000006ac000000, 0x00000006ac000000| Untracked 
| 689|0x00000006ac400000, 0x00000006ac400000, 0x00000006ac800000|  0%| F|  |TAMS 0x00000006ac400000, 0x00000006ac400000| Untracked 
| 690|0x00000006ac800000, 0x00000006ac800000, 0x00000006acc00000|  0%| F|  |TAMS 0x00000006ac800000, 0x00000006ac800000| Untracked 
| 691|0x00000006acc00000, 0x00000006acc00000, 0x00000006ad000000|  0%| F|  |TAMS 0x00000006acc00000, 0x00000006acc00000| Untracked 
| 692|0x00000006ad000000, 0x00000006ad000000, 0x00000006ad400000|  0%| F|  |TAMS 0x00000006ad000000, 0x00000006ad000000| Untracked 
| 693|0x00000006ad400000, 0x00000006ad400000, 0x00000006ad800000|  0%| F|  |TAMS 0x00000006ad400000, 0x00000006ad400000| Untracked 
| 694|0x00000006ad800000, 0x00000006ad800000, 0x00000006adc00000|  0%| F|  |TAMS 0x00000006ad800000, 0x00000006ad800000| Untracked 
| 695|0x00000006adc00000, 0x00000006adc00000, 0x00000006ae000000|  0%| F|  |TAMS 0x00000006adc00000, 0x00000006adc00000| Untracked 
| 696|0x00000006ae000000, 0x00000006ae000000, 0x00000006ae400000|  0%| F|  |TAMS 0x00000006ae000000, 0x00000006ae000000| Untracked 
| 697|0x00000006ae400000, 0x00000006ae400000, 0x00000006ae800000|  0%| F|  |TAMS 0x00000006ae400000, 0x00000006ae400000| Untracked 
| 698|0x00000006ae800000, 0x00000006ae800000, 0x00000006aec00000|  0%| F|  |TAMS 0x00000006ae800000, 0x00000006ae800000| Untracked 
| 699|0x00000006aec00000, 0x00000006aec00000, 0x00000006af000000|  0%| F|  |TAMS 0x00000006aec00000, 0x00000006aec00000| Untracked 
| 700|0x00000006af000000, 0x00000006af000000, 0x00000006af400000|  0%| F|  |TAMS 0x00000006af000000, 0x00000006af000000| Untracked 
| 701|0x00000006af400000, 0x00000006af400000, 0x00000006af800000|  0%| F|  |TAMS 0x00000006af400000, 0x00000006af400000| Untracked 
| 702|0x00000006af800000, 0x00000006af800000, 0x00000006afc00000|  0%| F|  |TAMS 0x00000006af800000, 0x00000006af800000| Untracked 
| 703|0x00000006afc00000, 0x00000006afc00000, 0x00000006b0000000|  0%| F|  |TAMS 0x00000006afc00000, 0x00000006afc00000| Untracked 
| 704|0x00000006b0000000, 0x00000006b0000000, 0x00000006b0400000|  0%| F|  |TAMS 0x00000006b0000000, 0x00000006b0000000| Untracked 
| 705|0x00000006b0400000, 0x00000006b0400000, 0x00000006b0800000|  0%| F|  |TAMS 0x00000006b0400000, 0x00000006b0400000| Untracked 
| 706|0x00000006b0800000, 0x00000006b0800000, 0x00000006b0c00000|  0%| F|  |TAMS 0x00000006b0800000, 0x00000006b0800000| Untracked 
| 707|0x00000006b0c00000, 0x00000006b0c00000, 0x00000006b1000000|  0%| F|  |TAMS 0x00000006b0c00000, 0x00000006b0c00000| Untracked 
| 708|0x00000006b1000000, 0x00000006b1000000, 0x00000006b1400000|  0%| F|  |TAMS 0x00000006b1000000, 0x00000006b1000000| Untracked 
| 709|0x00000006b1400000, 0x00000006b1400000, 0x00000006b1800000|  0%| F|  |TAMS 0x00000006b1400000, 0x00000006b1400000| Untracked 
| 710|0x00000006b1800000, 0x00000006b1800000, 0x00000006b1c00000|  0%| F|  |TAMS 0x00000006b1800000, 0x00000006b1800000| Untracked 
| 711|0x00000006b1c00000, 0x00000006b1c00000, 0x00000006b2000000|  0%| F|  |TAMS 0x00000006b1c00000, 0x00000006b1c00000| Untracked 
| 712|0x00000006b2000000, 0x00000006b2000000, 0x00000006b2400000|  0%| F|  |TAMS 0x00000006b2000000, 0x00000006b2000000| Untracked 
| 713|0x00000006b2400000, 0x00000006b2400000, 0x00000006b2800000|  0%| F|  |TAMS 0x00000006b2400000, 0x00000006b2400000| Untracked 
| 714|0x00000006b2800000, 0x00000006b2800000, 0x00000006b2c00000|  0%| F|  |TAMS 0x00000006b2800000, 0x00000006b2800000| Untracked 
| 715|0x00000006b2c00000, 0x00000006b2c00000, 0x00000006b3000000|  0%| F|  |TAMS 0x00000006b2c00000, 0x00000006b2c00000| Untracked 
| 716|0x00000006b3000000, 0x00000006b3000000, 0x00000006b3400000|  0%| F|  |TAMS 0x00000006b3000000, 0x00000006b3000000| Untracked 
| 717|0x00000006b3400000, 0x00000006b3400000, 0x00000006b3800000|  0%| F|  |TAMS 0x00000006b3400000, 0x00000006b3400000| Untracked 
| 718|0x00000006b3800000, 0x00000006b3800000, 0x00000006b3c00000|  0%| F|  |TAMS 0x00000006b3800000, 0x00000006b3800000| Untracked 
| 719|0x00000006b3c00000, 0x00000006b3c00000, 0x00000006b4000000|  0%| F|  |TAMS 0x00000006b3c00000, 0x00000006b3c00000| Untracked 
| 720|0x00000006b4000000, 0x00000006b4000000, 0x00000006b4400000|  0%| F|  |TAMS 0x00000006b4000000, 0x00000006b4000000| Untracked 
| 721|0x00000006b4400000, 0x00000006b4400000, 0x00000006b4800000|  0%| F|  |TAMS 0x00000006b4400000, 0x00000006b4400000| Untracked 
| 722|0x00000006b4800000, 0x00000006b4800000, 0x00000006b4c00000|  0%| F|  |TAMS 0x00000006b4800000, 0x00000006b4800000| Untracked 
| 723|0x00000006b4c00000, 0x00000006b4c00000, 0x00000006b5000000|  0%| F|  |TAMS 0x00000006b4c00000, 0x00000006b4c00000| Untracked 
| 724|0x00000006b5000000, 0x00000006b5000000, 0x00000006b5400000|  0%| F|  |TAMS 0x00000006b5000000, 0x00000006b5000000| Untracked 
| 725|0x00000006b5400000, 0x00000006b5400000, 0x00000006b5800000|  0%| F|  |TAMS 0x00000006b5400000, 0x00000006b5400000| Untracked 
| 726|0x00000006b5800000, 0x00000006b5800000, 0x00000006b5c00000|  0%| F|  |TAMS 0x00000006b5800000, 0x00000006b5800000| Untracked 
| 727|0x00000006b5c00000, 0x00000006b5c00000, 0x00000006b6000000|  0%| F|  |TAMS 0x00000006b5c00000, 0x00000006b5c00000| Untracked 
| 728|0x00000006b6000000, 0x00000006b6000000, 0x00000006b6400000|  0%| F|  |TAMS 0x00000006b6000000, 0x00000006b6000000| Untracked 
| 729|0x00000006b6400000, 0x00000006b6400000, 0x00000006b6800000|  0%| F|  |TAMS 0x00000006b6400000, 0x00000006b6400000| Untracked 
| 730|0x00000006b6800000, 0x00000006b6800000, 0x00000006b6c00000|  0%| F|  |TAMS 0x00000006b6800000, 0x00000006b6800000| Untracked 
| 731|0x00000006b6c00000, 0x00000006b6c00000, 0x00000006b7000000|  0%| F|  |TAMS 0x00000006b6c00000, 0x00000006b6c00000| Untracked 
| 732|0x00000006b7000000, 0x00000006b7000000, 0x00000006b7400000|  0%| F|  |TAMS 0x00000006b7000000, 0x00000006b7000000| Untracked 
| 733|0x00000006b7400000, 0x00000006b7400000, 0x00000006b7800000|  0%| F|  |TAMS 0x00000006b7400000, 0x00000006b7400000| Untracked 
| 734|0x00000006b7800000, 0x00000006b7800000, 0x00000006b7c00000|  0%| F|  |TAMS 0x00000006b7800000, 0x00000006b7800000| Untracked 
| 735|0x00000006b7c00000, 0x00000006b7c00000, 0x00000006b8000000|  0%| F|  |TAMS 0x00000006b7c00000, 0x00000006b7c00000| Untracked 
| 736|0x00000006b8000000, 0x00000006b8000000, 0x00000006b8400000|  0%| F|  |TAMS 0x00000006b8000000, 0x00000006b8000000| Untracked 
| 737|0x00000006b8400000, 0x00000006b8400000, 0x00000006b8800000|  0%| F|  |TAMS 0x00000006b8400000, 0x00000006b8400000| Untracked 
| 738|0x00000006b8800000, 0x00000006b8800000, 0x00000006b8c00000|  0%| F|  |TAMS 0x00000006b8800000, 0x00000006b8800000| Untracked 
| 739|0x00000006b8c00000, 0x00000006b8c00000, 0x00000006b9000000|  0%| F|  |TAMS 0x00000006b8c00000, 0x00000006b8c00000| Untracked 
| 740|0x00000006b9000000, 0x00000006b9000000, 0x00000006b9400000|  0%| F|  |TAMS 0x00000006b9000000, 0x00000006b9000000| Untracked 
| 741|0x00000006b9400000, 0x00000006b9400000, 0x00000006b9800000|  0%| F|  |TAMS 0x00000006b9400000, 0x00000006b9400000| Untracked 
| 742|0x00000006b9800000, 0x00000006b9800000, 0x00000006b9c00000|  0%| F|  |TAMS 0x00000006b9800000, 0x00000006b9800000| Untracked 
| 743|0x00000006b9c00000, 0x00000006b9c00000, 0x00000006ba000000|  0%| F|  |TAMS 0x00000006b9c00000, 0x00000006b9c00000| Untracked 
| 744|0x00000006ba000000, 0x00000006ba000000, 0x00000006ba400000|  0%| F|  |TAMS 0x00000006ba000000, 0x00000006ba000000| Untracked 
| 745|0x00000006ba400000, 0x00000006ba400000, 0x00000006ba800000|  0%| F|  |TAMS 0x00000006ba400000, 0x00000006ba400000| Untracked 
| 746|0x00000006ba800000, 0x00000006ba800000, 0x00000006bac00000|  0%| F|  |TAMS 0x00000006ba800000, 0x00000006ba800000| Untracked 
| 747|0x00000006bac00000, 0x00000006bac00000, 0x00000006bb000000|  0%| F|  |TAMS 0x00000006bac00000, 0x00000006bac00000| Untracked 
| 748|0x00000006bb000000, 0x00000006bb000000, 0x00000006bb400000|  0%| F|  |TAMS 0x00000006bb000000, 0x00000006bb000000| Untracked 
| 749|0x00000006bb400000, 0x00000006bb400000, 0x00000006bb800000|  0%| F|  |TAMS 0x00000006bb400000, 0x00000006bb400000| Untracked 
| 750|0x00000006bb800000, 0x00000006bb800000, 0x00000006bbc00000|  0%| F|  |TAMS 0x00000006bb800000, 0x00000006bb800000| Untracked 
| 751|0x00000006bbc00000, 0x00000006bbc00000, 0x00000006bc000000|  0%| F|  |TAMS 0x00000006bbc00000, 0x00000006bbc00000| Untracked 
| 752|0x00000006bc000000, 0x00000006bc000000, 0x00000006bc400000|  0%| F|  |TAMS 0x00000006bc000000, 0x00000006bc000000| Untracked 
| 753|0x00000006bc400000, 0x00000006bc400000, 0x00000006bc800000|  0%| F|  |TAMS 0x00000006bc400000, 0x00000006bc400000| Untracked 
| 754|0x00000006bc800000, 0x00000006bc800000, 0x00000006bcc00000|  0%| F|  |TAMS 0x00000006bc800000, 0x00000006bc800000| Untracked 
| 755|0x00000006bcc00000, 0x00000006bcc00000, 0x00000006bd000000|  0%| F|  |TAMS 0x00000006bcc00000, 0x00000006bcc00000| Untracked 
| 756|0x00000006bd000000, 0x00000006bd000000, 0x00000006bd400000|  0%| F|  |TAMS 0x00000006bd000000, 0x00000006bd000000| Untracked 
| 757|0x00000006bd400000, 0x00000006bd400000, 0x00000006bd800000|  0%| F|  |TAMS 0x00000006bd400000, 0x00000006bd400000| Untracked 
| 758|0x00000006bd800000, 0x00000006bd800000, 0x00000006bdc00000|  0%| F|  |TAMS 0x00000006bd800000, 0x00000006bd800000| Untracked 
| 759|0x00000006bdc00000, 0x00000006bdc00000, 0x00000006be000000|  0%| F|  |TAMS 0x00000006bdc00000, 0x00000006bdc00000| Untracked 
| 760|0x00000006be000000, 0x00000006be000000, 0x00000006be400000|  0%| F|  |TAMS 0x00000006be000000, 0x00000006be000000| Untracked 
| 761|0x00000006be400000, 0x00000006be400000, 0x00000006be800000|  0%| F|  |TAMS 0x00000006be400000, 0x00000006be400000| Untracked 
| 762|0x00000006be800000, 0x00000006be800000, 0x00000006bec00000|  0%| F|  |TAMS 0x00000006be800000, 0x00000006be800000| Untracked 
| 763|0x00000006bec00000, 0x00000006bec00000, 0x00000006bf000000|  0%| F|  |TAMS 0x00000006bec00000, 0x00000006bec00000| Untracked 
| 764|0x00000006bf000000, 0x00000006bf000000, 0x00000006bf400000|  0%| F|  |TAMS 0x00000006bf000000, 0x00000006bf000000| Untracked 
| 765|0x00000006bf400000, 0x00000006bf400000, 0x00000006bf800000|  0%| F|  |TAMS 0x00000006bf400000, 0x00000006bf400000| Untracked 
| 766|0x00000006bf800000, 0x00000006bf800000, 0x00000006bfc00000|  0%| F|  |TAMS 0x00000006bf800000, 0x00000006bf800000| Untracked 
| 767|0x00000006bfc00000, 0x00000006bfc00000, 0x00000006c0000000|  0%| F|  |TAMS 0x00000006bfc00000, 0x00000006bfc00000| Untracked 
| 768|0x00000006c0000000, 0x00000006c0000000, 0x00000006c0400000|  0%| F|  |TAMS 0x00000006c0000000, 0x00000006c0000000| Untracked 
| 769|0x00000006c0400000, 0x00000006c0400000, 0x00000006c0800000|  0%| F|  |TAMS 0x00000006c0400000, 0x00000006c0400000| Untracked 
| 770|0x00000006c0800000, 0x00000006c0800000, 0x00000006c0c00000|  0%| F|  |TAMS 0x00000006c0800000, 0x00000006c0800000| Untracked 
| 771|0x00000006c0c00000, 0x00000006c0c00000, 0x00000006c1000000|  0%| F|  |TAMS 0x00000006c0c00000, 0x00000006c0c00000| Untracked 
| 772|0x00000006c1000000, 0x00000006c1000000, 0x00000006c1400000|  0%| F|  |TAMS 0x00000006c1000000, 0x00000006c1000000| Untracked 
| 773|0x00000006c1400000, 0x00000006c1400000, 0x00000006c1800000|  0%| F|  |TAMS 0x00000006c1400000, 0x00000006c1400000| Untracked 
| 774|0x00000006c1800000, 0x00000006c1800000, 0x00000006c1c00000|  0%| F|  |TAMS 0x00000006c1800000, 0x00000006c1800000| Untracked 
| 775|0x00000006c1c00000, 0x00000006c1c00000, 0x00000006c2000000|  0%| F|  |TAMS 0x00000006c1c00000, 0x00000006c1c00000| Untracked 
| 776|0x00000006c2000000, 0x00000006c2000000, 0x00000006c2400000|  0%| F|  |TAMS 0x00000006c2000000, 0x00000006c2000000| Untracked 
| 777|0x00000006c2400000, 0x00000006c2400000, 0x00000006c2800000|  0%| F|  |TAMS 0x00000006c2400000, 0x00000006c2400000| Untracked 
| 778|0x00000006c2800000, 0x00000006c2800000, 0x00000006c2c00000|  0%| F|  |TAMS 0x00000006c2800000, 0x00000006c2800000| Untracked 
| 779|0x00000006c2c00000, 0x00000006c2c00000, 0x00000006c3000000|  0%| F|  |TAMS 0x00000006c2c00000, 0x00000006c2c00000| Untracked 
| 780|0x00000006c3000000, 0x00000006c3000000, 0x00000006c3400000|  0%| F|  |TAMS 0x00000006c3000000, 0x00000006c3000000| Untracked 
| 781|0x00000006c3400000, 0x00000006c3400000, 0x00000006c3800000|  0%| F|  |TAMS 0x00000006c3400000, 0x00000006c3400000| Untracked 
| 782|0x00000006c3800000, 0x00000006c3800000, 0x00000006c3c00000|  0%| F|  |TAMS 0x00000006c3800000, 0x00000006c3800000| Untracked 
| 783|0x00000006c3c00000, 0x00000006c3c00000, 0x00000006c4000000|  0%| F|  |TAMS 0x00000006c3c00000, 0x00000006c3c00000| Untracked 
| 784|0x00000006c4000000, 0x00000006c4000000, 0x00000006c4400000|  0%| F|  |TAMS 0x00000006c4000000, 0x00000006c4000000| Untracked 
| 785|0x00000006c4400000, 0x00000006c4400000, 0x00000006c4800000|  0%| F|  |TAMS 0x00000006c4400000, 0x00000006c4400000| Untracked 
| 786|0x00000006c4800000, 0x00000006c4800000, 0x00000006c4c00000|  0%| F|  |TAMS 0x00000006c4800000, 0x00000006c4800000| Untracked 
| 787|0x00000006c4c00000, 0x00000006c4c00000, 0x00000006c5000000|  0%| F|  |TAMS 0x00000006c4c00000, 0x00000006c4c00000| Untracked 
| 788|0x00000006c5000000, 0x00000006c5000000, 0x00000006c5400000|  0%| F|  |TAMS 0x00000006c5000000, 0x00000006c5000000| Untracked 
| 789|0x00000006c5400000, 0x00000006c5400000, 0x00000006c5800000|  0%| F|  |TAMS 0x00000006c5400000, 0x00000006c5400000| Untracked 
| 790|0x00000006c5800000, 0x00000006c5800000, 0x00000006c5c00000|  0%| F|  |TAMS 0x00000006c5800000, 0x00000006c5800000| Untracked 
| 791|0x00000006c5c00000, 0x00000006c5c00000, 0x00000006c6000000|  0%| F|  |TAMS 0x00000006c5c00000, 0x00000006c5c00000| Untracked 
| 792|0x00000006c6000000, 0x00000006c6000000, 0x00000006c6400000|  0%| F|  |TAMS 0x00000006c6000000, 0x00000006c6000000| Untracked 
| 793|0x00000006c6400000, 0x00000006c6400000, 0x00000006c6800000|  0%| F|  |TAMS 0x00000006c6400000, 0x00000006c6400000| Untracked 
| 794|0x00000006c6800000, 0x00000006c6800000, 0x00000006c6c00000|  0%| F|  |TAMS 0x00000006c6800000, 0x00000006c6800000| Untracked 
| 795|0x00000006c6c00000, 0x00000006c6c00000, 0x00000006c7000000|  0%| F|  |TAMS 0x00000006c6c00000, 0x00000006c6c00000| Untracked 
| 796|0x00000006c7000000, 0x00000006c7000000, 0x00000006c7400000|  0%| F|  |TAMS 0x00000006c7000000, 0x00000006c7000000| Untracked 
| 797|0x00000006c7400000, 0x00000006c7400000, 0x00000006c7800000|  0%| F|  |TAMS 0x00000006c7400000, 0x00000006c7400000| Untracked 
| 798|0x00000006c7800000, 0x00000006c7800000, 0x00000006c7c00000|  0%| F|  |TAMS 0x00000006c7800000, 0x00000006c7800000| Untracked 
| 799|0x00000006c7c00000, 0x00000006c7c00000, 0x00000006c8000000|  0%| F|  |TAMS 0x00000006c7c00000, 0x00000006c7c00000| Untracked 
| 800|0x00000006c8000000, 0x00000006c8000000, 0x00000006c8400000|  0%| F|  |TAMS 0x00000006c8000000, 0x00000006c8000000| Untracked 
| 801|0x00000006c8400000, 0x00000006c8400000, 0x00000006c8800000|  0%| F|  |TAMS 0x00000006c8400000, 0x00000006c8400000| Untracked 
| 802|0x00000006c8800000, 0x00000006c8800000, 0x00000006c8c00000|  0%| F|  |TAMS 0x00000006c8800000, 0x00000006c8800000| Untracked 
| 803|0x00000006c8c00000, 0x00000006c8c00000, 0x00000006c9000000|  0%| F|  |TAMS 0x00000006c8c00000, 0x00000006c8c00000| Untracked 
| 804|0x00000006c9000000, 0x00000006c9000000, 0x00000006c9400000|  0%| F|  |TAMS 0x00000006c9000000, 0x00000006c9000000| Untracked 
| 805|0x00000006c9400000, 0x00000006c9400000, 0x00000006c9800000|  0%| F|  |TAMS 0x00000006c9400000, 0x00000006c9400000| Untracked 
| 806|0x00000006c9800000, 0x00000006c9800000, 0x00000006c9c00000|  0%| F|  |TAMS 0x00000006c9800000, 0x00000006c9800000| Untracked 
| 807|0x00000006c9c00000, 0x00000006c9c00000, 0x00000006ca000000|  0%| F|  |TAMS 0x00000006c9c00000, 0x00000006c9c00000| Untracked 
| 808|0x00000006ca000000, 0x00000006ca000000, 0x00000006ca400000|  0%| F|  |TAMS 0x00000006ca000000, 0x00000006ca000000| Untracked 
| 809|0x00000006ca400000, 0x00000006ca400000, 0x00000006ca800000|  0%| F|  |TAMS 0x00000006ca400000, 0x00000006ca400000| Untracked 
| 810|0x00000006ca800000, 0x00000006ca800000, 0x00000006cac00000|  0%| F|  |TAMS 0x00000006ca800000, 0x00000006ca800000| Untracked 
| 811|0x00000006cac00000, 0x00000006cac00000, 0x00000006cb000000|  0%| F|  |TAMS 0x00000006cac00000, 0x00000006cac00000| Untracked 
| 812|0x00000006cb000000, 0x00000006cb000000, 0x00000006cb400000|  0%| F|  |TAMS 0x00000006cb000000, 0x00000006cb000000| Untracked 
| 813|0x00000006cb400000, 0x00000006cb400000, 0x00000006cb800000|  0%| F|  |TAMS 0x00000006cb400000, 0x00000006cb400000| Untracked 
| 814|0x00000006cb800000, 0x00000006cb800000, 0x00000006cbc00000|  0%| F|  |TAMS 0x00000006cb800000, 0x00000006cb800000| Untracked 
| 815|0x00000006cbc00000, 0x00000006cbc00000, 0x00000006cc000000|  0%| F|  |TAMS 0x00000006cbc00000, 0x00000006cbc00000| Untracked 
| 816|0x00000006cc000000, 0x00000006cc000000, 0x00000006cc400000|  0%| F|  |TAMS 0x00000006cc000000, 0x00000006cc000000| Untracked 
| 817|0x00000006cc400000, 0x00000006cc400000, 0x00000006cc800000|  0%| F|  |TAMS 0x00000006cc400000, 0x00000006cc400000| Untracked 
| 818|0x00000006cc800000, 0x00000006cc800000, 0x00000006ccc00000|  0%| F|  |TAMS 0x00000006cc800000, 0x00000006cc800000| Untracked 
| 819|0x00000006ccc00000, 0x00000006ccc00000, 0x00000006cd000000|  0%| F|  |TAMS 0x00000006ccc00000, 0x00000006ccc00000| Untracked 
| 820|0x00000006cd000000, 0x00000006cd000000, 0x00000006cd400000|  0%| F|  |TAMS 0x00000006cd000000, 0x00000006cd000000| Untracked 
| 821|0x00000006cd400000, 0x00000006cd400000, 0x00000006cd800000|  0%| F|  |TAMS 0x00000006cd400000, 0x00000006cd400000| Untracked 
| 822|0x00000006cd800000, 0x00000006cd800000, 0x00000006cdc00000|  0%| F|  |TAMS 0x00000006cd800000, 0x00000006cd800000| Untracked 
| 823|0x00000006cdc00000, 0x00000006cdc00000, 0x00000006ce000000|  0%| F|  |TAMS 0x00000006cdc00000, 0x00000006cdc00000| Untracked 
| 824|0x00000006ce000000, 0x00000006ce000000, 0x00000006ce400000|  0%| F|  |TAMS 0x00000006ce000000, 0x00000006ce000000| Untracked 
| 825|0x00000006ce400000, 0x00000006ce400000, 0x00000006ce800000|  0%| F|  |TAMS 0x00000006ce400000, 0x00000006ce400000| Untracked 
| 826|0x00000006ce800000, 0x00000006ce800000, 0x00000006cec00000|  0%| F|  |TAMS 0x00000006ce800000, 0x00000006ce800000| Untracked 
| 827|0x00000006cec00000, 0x00000006cec00000, 0x00000006cf000000|  0%| F|  |TAMS 0x00000006cec00000, 0x00000006cec00000| Untracked 
| 828|0x00000006cf000000, 0x00000006cf000000, 0x00000006cf400000|  0%| F|  |TAMS 0x00000006cf000000, 0x00000006cf000000| Untracked 
| 829|0x00000006cf400000, 0x00000006cf400000, 0x00000006cf800000|  0%| F|  |TAMS 0x00000006cf400000, 0x00000006cf400000| Untracked 
| 830|0x00000006cf800000, 0x00000006cf800000, 0x00000006cfc00000|  0%| F|  |TAMS 0x00000006cf800000, 0x00000006cf800000| Untracked 
| 831|0x00000006cfc00000, 0x00000006cfc00000, 0x00000006d0000000|  0%| F|  |TAMS 0x00000006cfc00000, 0x00000006cfc00000| Untracked 
| 832|0x00000006d0000000, 0x00000006d0000000, 0x00000006d0400000|  0%| F|  |TAMS 0x00000006d0000000, 0x00000006d0000000| Untracked 
| 833|0x00000006d0400000, 0x00000006d0400000, 0x00000006d0800000|  0%| F|  |TAMS 0x00000006d0400000, 0x00000006d0400000| Untracked 
| 834|0x00000006d0800000, 0x00000006d0800000, 0x00000006d0c00000|  0%| F|  |TAMS 0x00000006d0800000, 0x00000006d0800000| Untracked 
| 835|0x00000006d0c00000, 0x00000006d0c00000, 0x00000006d1000000|  0%| F|  |TAMS 0x00000006d0c00000, 0x00000006d0c00000| Untracked 
| 836|0x00000006d1000000, 0x00000006d1000000, 0x00000006d1400000|  0%| F|  |TAMS 0x00000006d1000000, 0x00000006d1000000| Untracked 
| 837|0x00000006d1400000, 0x00000006d1400000, 0x00000006d1800000|  0%| F|  |TAMS 0x00000006d1400000, 0x00000006d1400000| Untracked 
| 838|0x00000006d1800000, 0x00000006d1800000, 0x00000006d1c00000|  0%| F|  |TAMS 0x00000006d1800000, 0x00000006d1800000| Untracked 
| 839|0x00000006d1c00000, 0x00000006d1c00000, 0x00000006d2000000|  0%| F|  |TAMS 0x00000006d1c00000, 0x00000006d1c00000| Untracked 
| 840|0x00000006d2000000, 0x00000006d2000000, 0x00000006d2400000|  0%| F|  |TAMS 0x00000006d2000000, 0x00000006d2000000| Untracked 
| 841|0x00000006d2400000, 0x00000006d2400000, 0x00000006d2800000|  0%| F|  |TAMS 0x00000006d2400000, 0x00000006d2400000| Untracked 
| 842|0x00000006d2800000, 0x00000006d2800000, 0x00000006d2c00000|  0%| F|  |TAMS 0x00000006d2800000, 0x00000006d2800000| Untracked 
| 843|0x00000006d2c00000, 0x00000006d2c00000, 0x00000006d3000000|  0%| F|  |TAMS 0x00000006d2c00000, 0x00000006d2c00000| Untracked 
| 844|0x00000006d3000000, 0x00000006d3000000, 0x00000006d3400000|  0%| F|  |TAMS 0x00000006d3000000, 0x00000006d3000000| Untracked 
| 845|0x00000006d3400000, 0x00000006d3400000, 0x00000006d3800000|  0%| F|  |TAMS 0x00000006d3400000, 0x00000006d3400000| Untracked 
| 846|0x00000006d3800000, 0x00000006d3800000, 0x00000006d3c00000|  0%| F|  |TAMS 0x00000006d3800000, 0x00000006d3800000| Untracked 
| 847|0x00000006d3c00000, 0x00000006d3c00000, 0x00000006d4000000|  0%| F|  |TAMS 0x00000006d3c00000, 0x00000006d3c00000| Untracked 
| 848|0x00000006d4000000, 0x00000006d4000000, 0x00000006d4400000|  0%| F|  |TAMS 0x00000006d4000000, 0x00000006d4000000| Untracked 
| 849|0x00000006d4400000, 0x00000006d4400000, 0x00000006d4800000|  0%| F|  |TAMS 0x00000006d4400000, 0x00000006d4400000| Untracked 
| 850|0x00000006d4800000, 0x00000006d4800000, 0x00000006d4c00000|  0%| F|  |TAMS 0x00000006d4800000, 0x00000006d4800000| Untracked 
| 851|0x00000006d4c00000, 0x00000006d4c00000, 0x00000006d5000000|  0%| F|  |TAMS 0x00000006d4c00000, 0x00000006d4c00000| Untracked 
| 852|0x00000006d5000000, 0x00000006d5000000, 0x00000006d5400000|  0%| F|  |TAMS 0x00000006d5000000, 0x00000006d5000000| Untracked 
| 853|0x00000006d5400000, 0x00000006d5400000, 0x00000006d5800000|  0%| F|  |TAMS 0x00000006d5400000, 0x00000006d5400000| Untracked 
| 854|0x00000006d5800000, 0x00000006d5800000, 0x00000006d5c00000|  0%| F|  |TAMS 0x00000006d5800000, 0x00000006d5800000| Untracked 
| 855|0x00000006d5c00000, 0x00000006d5c00000, 0x00000006d6000000|  0%| F|  |TAMS 0x00000006d5c00000, 0x00000006d5c00000| Untracked 
| 856|0x00000006d6000000, 0x00000006d6000000, 0x00000006d6400000|  0%| F|  |TAMS 0x00000006d6000000, 0x00000006d6000000| Untracked 
| 857|0x00000006d6400000, 0x00000006d6400000, 0x00000006d6800000|  0%| F|  |TAMS 0x00000006d6400000, 0x00000006d6400000| Untracked 
| 858|0x00000006d6800000, 0x00000006d6800000, 0x00000006d6c00000|  0%| F|  |TAMS 0x00000006d6800000, 0x00000006d6800000| Untracked 
| 859|0x00000006d6c00000, 0x00000006d6c00000, 0x00000006d7000000|  0%| F|  |TAMS 0x00000006d6c00000, 0x00000006d6c00000| Untracked 
| 860|0x00000006d7000000, 0x00000006d7000000, 0x00000006d7400000|  0%| F|  |TAMS 0x00000006d7000000, 0x00000006d7000000| Untracked 
| 861|0x00000006d7400000, 0x00000006d7400000, 0x00000006d7800000|  0%| F|  |TAMS 0x00000006d7400000, 0x00000006d7400000| Untracked 
| 862|0x00000006d7800000, 0x00000006d7800000, 0x00000006d7c00000|  0%| F|  |TAMS 0x00000006d7800000, 0x00000006d7800000| Untracked 
| 863|0x00000006d7c00000, 0x00000006d7c00000, 0x00000006d8000000|  0%| F|  |TAMS 0x00000006d7c00000, 0x00000006d7c00000| Untracked 
| 864|0x00000006d8000000, 0x00000006d8000000, 0x00000006d8400000|  0%| F|  |TAMS 0x00000006d8000000, 0x00000006d8000000| Untracked 
| 865|0x00000006d8400000, 0x00000006d8400000, 0x00000006d8800000|  0%| F|  |TAMS 0x00000006d8400000, 0x00000006d8400000| Untracked 
| 866|0x00000006d8800000, 0x00000006d8800000, 0x00000006d8c00000|  0%| F|  |TAMS 0x00000006d8800000, 0x00000006d8800000| Untracked 
| 867|0x00000006d8c00000, 0x00000006d8c00000, 0x00000006d9000000|  0%| F|  |TAMS 0x00000006d8c00000, 0x00000006d8c00000| Untracked 
| 868|0x00000006d9000000, 0x00000006d9000000, 0x00000006d9400000|  0%| F|  |TAMS 0x00000006d9000000, 0x00000006d9000000| Untracked 
| 869|0x00000006d9400000, 0x00000006d9400000, 0x00000006d9800000|  0%| F|  |TAMS 0x00000006d9400000, 0x00000006d9400000| Untracked 
| 870|0x00000006d9800000, 0x00000006d9800000, 0x00000006d9c00000|  0%| F|  |TAMS 0x00000006d9800000, 0x00000006d9800000| Untracked 
| 871|0x00000006d9c00000, 0x00000006d9c00000, 0x00000006da000000|  0%| F|  |TAMS 0x00000006d9c00000, 0x00000006d9c00000| Untracked 
| 872|0x00000006da000000, 0x00000006da000000, 0x00000006da400000|  0%| F|  |TAMS 0x00000006da000000, 0x00000006da000000| Untracked 
| 873|0x00000006da400000, 0x00000006da400000, 0x00000006da800000|  0%| F|  |TAMS 0x00000006da400000, 0x00000006da400000| Untracked 
| 874|0x00000006da800000, 0x00000006da800000, 0x00000006dac00000|  0%| F|  |TAMS 0x00000006da800000, 0x00000006da800000| Untracked 
| 875|0x00000006dac00000, 0x00000006dac00000, 0x00000006db000000|  0%| F|  |TAMS 0x00000006dac00000, 0x00000006dac00000| Untracked 
| 876|0x00000006db000000, 0x00000006db000000, 0x00000006db400000|  0%| F|  |TAMS 0x00000006db000000, 0x00000006db000000| Untracked 
| 877|0x00000006db400000, 0x00000006db400000, 0x00000006db800000|  0%| F|  |TAMS 0x00000006db400000, 0x00000006db400000| Untracked 
| 878|0x00000006db800000, 0x00000006db800000, 0x00000006dbc00000|  0%| F|  |TAMS 0x00000006db800000, 0x00000006db800000| Untracked 
| 879|0x00000006dbc00000, 0x00000006dbc00000, 0x00000006dc000000|  0%| F|  |TAMS 0x00000006dbc00000, 0x00000006dbc00000| Untracked 
| 880|0x00000006dc000000, 0x00000006dc000000, 0x00000006dc400000|  0%| F|  |TAMS 0x00000006dc000000, 0x00000006dc000000| Untracked 
| 881|0x00000006dc400000, 0x00000006dc400000, 0x00000006dc800000|  0%| F|  |TAMS 0x00000006dc400000, 0x00000006dc400000| Untracked 
| 882|0x00000006dc800000, 0x00000006dc800000, 0x00000006dcc00000|  0%| F|  |TAMS 0x00000006dc800000, 0x00000006dc800000| Untracked 
| 883|0x00000006dcc00000, 0x00000006dcc00000, 0x00000006dd000000|  0%| F|  |TAMS 0x00000006dcc00000, 0x00000006dcc00000| Untracked 
| 884|0x00000006dd000000, 0x00000006dd000000, 0x00000006dd400000|  0%| F|  |TAMS 0x00000006dd000000, 0x00000006dd000000| Untracked 
| 885|0x00000006dd400000, 0x00000006dd400000, 0x00000006dd800000|  0%| F|  |TAMS 0x00000006dd400000, 0x00000006dd400000| Untracked 
| 886|0x00000006dd800000, 0x00000006dd800000, 0x00000006ddc00000|  0%| F|  |TAMS 0x00000006dd800000, 0x00000006dd800000| Untracked 
| 887|0x00000006ddc00000, 0x00000006ddc00000, 0x00000006de000000|  0%| F|  |TAMS 0x00000006ddc00000, 0x00000006ddc00000| Untracked 
| 888|0x00000006de000000, 0x00000006de000000, 0x00000006de400000|  0%| F|  |TAMS 0x00000006de000000, 0x00000006de000000| Untracked 
| 889|0x00000006de400000, 0x00000006de400000, 0x00000006de800000|  0%| F|  |TAMS 0x00000006de400000, 0x00000006de400000| Untracked 
| 890|0x00000006de800000, 0x00000006de800000, 0x00000006dec00000|  0%| F|  |TAMS 0x00000006de800000, 0x00000006de800000| Untracked 
| 891|0x00000006dec00000, 0x00000006dec00000, 0x00000006df000000|  0%| F|  |TAMS 0x00000006dec00000, 0x00000006dec00000| Untracked 
| 892|0x00000006df000000, 0x00000006df000000, 0x00000006df400000|  0%| F|  |TAMS 0x00000006df000000, 0x00000006df000000| Untracked 
| 893|0x00000006df400000, 0x00000006df400000, 0x00000006df800000|  0%| F|  |TAMS 0x00000006df400000, 0x00000006df400000| Untracked 
| 894|0x00000006df800000, 0x00000006df800000, 0x00000006dfc00000|  0%| F|  |TAMS 0x00000006df800000, 0x00000006df800000| Untracked 
| 895|0x00000006dfc00000, 0x00000006dfc00000, 0x00000006e0000000|  0%| F|  |TAMS 0x00000006dfc00000, 0x00000006dfc00000| Untracked 
| 896|0x00000006e0000000, 0x00000006e0000000, 0x00000006e0400000|  0%| F|  |TAMS 0x00000006e0000000, 0x00000006e0000000| Untracked 
| 897|0x00000006e0400000, 0x00000006e0400000, 0x00000006e0800000|  0%| F|  |TAMS 0x00000006e0400000, 0x00000006e0400000| Untracked 
| 898|0x00000006e0800000, 0x00000006e0800000, 0x00000006e0c00000|  0%| F|  |TAMS 0x00000006e0800000, 0x00000006e0800000| Untracked 
| 899|0x00000006e0c00000, 0x00000006e0c00000, 0x00000006e1000000|  0%| F|  |TAMS 0x00000006e0c00000, 0x00000006e0c00000| Untracked 
| 900|0x00000006e1000000, 0x00000006e1000000, 0x00000006e1400000|  0%| F|  |TAMS 0x00000006e1000000, 0x00000006e1000000| Untracked 
| 901|0x00000006e1400000, 0x00000006e1400000, 0x00000006e1800000|  0%| F|  |TAMS 0x00000006e1400000, 0x00000006e1400000| Untracked 
| 902|0x00000006e1800000, 0x00000006e1800000, 0x00000006e1c00000|  0%| F|  |TAMS 0x00000006e1800000, 0x00000006e1800000| Untracked 
| 903|0x00000006e1c00000, 0x00000006e1c00000, 0x00000006e2000000|  0%| F|  |TAMS 0x00000006e1c00000, 0x00000006e1c00000| Untracked 
| 904|0x00000006e2000000, 0x00000006e2000000, 0x00000006e2400000|  0%| F|  |TAMS 0x00000006e2000000, 0x00000006e2000000| Untracked 
| 905|0x00000006e2400000, 0x00000006e2400000, 0x00000006e2800000|  0%| F|  |TAMS 0x00000006e2400000, 0x00000006e2400000| Untracked 
| 906|0x00000006e2800000, 0x00000006e2800000, 0x00000006e2c00000|  0%| F|  |TAMS 0x00000006e2800000, 0x00000006e2800000| Untracked 
| 907|0x00000006e2c00000, 0x00000006e2c00000, 0x00000006e3000000|  0%| F|  |TAMS 0x00000006e2c00000, 0x00000006e2c00000| Untracked 
| 908|0x00000006e3000000, 0x00000006e3000000, 0x00000006e3400000|  0%| F|  |TAMS 0x00000006e3000000, 0x00000006e3000000| Untracked 
| 909|0x00000006e3400000, 0x00000006e3400000, 0x00000006e3800000|  0%| F|  |TAMS 0x00000006e3400000, 0x00000006e3400000| Untracked 
| 910|0x00000006e3800000, 0x00000006e3800000, 0x00000006e3c00000|  0%| F|  |TAMS 0x00000006e3800000, 0x00000006e3800000| Untracked 
| 911|0x00000006e3c00000, 0x00000006e3c00000, 0x00000006e4000000|  0%| F|  |TAMS 0x00000006e3c00000, 0x00000006e3c00000| Untracked 
| 912|0x00000006e4000000, 0x00000006e4000000, 0x00000006e4400000|  0%| F|  |TAMS 0x00000006e4000000, 0x00000006e4000000| Untracked 
| 913|0x00000006e4400000, 0x00000006e4400000, 0x00000006e4800000|  0%| F|  |TAMS 0x00000006e4400000, 0x00000006e4400000| Untracked 
| 914|0x00000006e4800000, 0x00000006e4800000, 0x00000006e4c00000|  0%| F|  |TAMS 0x00000006e4800000, 0x00000006e4800000| Untracked 
| 915|0x00000006e4c00000, 0x00000006e4c00000, 0x00000006e5000000|  0%| F|  |TAMS 0x00000006e4c00000, 0x00000006e4c00000| Untracked 
| 916|0x00000006e5000000, 0x00000006e5000000, 0x00000006e5400000|  0%| F|  |TAMS 0x00000006e5000000, 0x00000006e5000000| Untracked 
| 917|0x00000006e5400000, 0x00000006e5400000, 0x00000006e5800000|  0%| F|  |TAMS 0x00000006e5400000, 0x00000006e5400000| Untracked 
| 918|0x00000006e5800000, 0x00000006e5800000, 0x00000006e5c00000|  0%| F|  |TAMS 0x00000006e5800000, 0x00000006e5800000| Untracked 
| 919|0x00000006e5c00000, 0x00000006e5c00000, 0x00000006e6000000|  0%| F|  |TAMS 0x00000006e5c00000, 0x00000006e5c00000| Untracked 
| 920|0x00000006e6000000, 0x00000006e6000000, 0x00000006e6400000|  0%| F|  |TAMS 0x00000006e6000000, 0x00000006e6000000| Untracked 
| 921|0x00000006e6400000, 0x00000006e6400000, 0x00000006e6800000|  0%| F|  |TAMS 0x00000006e6400000, 0x00000006e6400000| Untracked 
| 922|0x00000006e6800000, 0x00000006e6800000, 0x00000006e6c00000|  0%| F|  |TAMS 0x00000006e6800000, 0x00000006e6800000| Untracked 
| 923|0x00000006e6c00000, 0x00000006e6c00000, 0x00000006e7000000|  0%| F|  |TAMS 0x00000006e6c00000, 0x00000006e6c00000| Untracked 
| 924|0x00000006e7000000, 0x00000006e7000000, 0x00000006e7400000|  0%| F|  |TAMS 0x00000006e7000000, 0x00000006e7000000| Untracked 
| 925|0x00000006e7400000, 0x00000006e7400000, 0x00000006e7800000|  0%| F|  |TAMS 0x00000006e7400000, 0x00000006e7400000| Untracked 
| 926|0x00000006e7800000, 0x00000006e7800000, 0x00000006e7c00000|  0%| F|  |TAMS 0x00000006e7800000, 0x00000006e7800000| Untracked 
| 927|0x00000006e7c00000, 0x00000006e7c00000, 0x00000006e8000000|  0%| F|  |TAMS 0x00000006e7c00000, 0x00000006e7c00000| Untracked 
| 928|0x00000006e8000000, 0x00000006e8000000, 0x00000006e8400000|  0%| F|  |TAMS 0x00000006e8000000, 0x00000006e8000000| Untracked 
| 929|0x00000006e8400000, 0x00000006e8400000, 0x00000006e8800000|  0%| F|  |TAMS 0x00000006e8400000, 0x00000006e8400000| Untracked 
| 930|0x00000006e8800000, 0x00000006e8800000, 0x00000006e8c00000|  0%| F|  |TAMS 0x00000006e8800000, 0x00000006e8800000| Untracked 
| 931|0x00000006e8c00000, 0x00000006e8c00000, 0x00000006e9000000|  0%| F|  |TAMS 0x00000006e8c00000, 0x00000006e8c00000| Untracked 
| 932|0x00000006e9000000, 0x00000006e9000000, 0x00000006e9400000|  0%| F|  |TAMS 0x00000006e9000000, 0x00000006e9000000| Untracked 
| 933|0x00000006e9400000, 0x00000006e9400000, 0x00000006e9800000|  0%| F|  |TAMS 0x00000006e9400000, 0x00000006e9400000| Untracked 
| 934|0x00000006e9800000, 0x00000006e9800000, 0x00000006e9c00000|  0%| F|  |TAMS 0x00000006e9800000, 0x00000006e9800000| Untracked 
| 935|0x00000006e9c00000, 0x00000006e9c00000, 0x00000006ea000000|  0%| F|  |TAMS 0x00000006e9c00000, 0x00000006e9c00000| Untracked 
| 936|0x00000006ea000000, 0x00000006ea000000, 0x00000006ea400000|  0%| F|  |TAMS 0x00000006ea000000, 0x00000006ea000000| Untracked 
| 937|0x00000006ea400000, 0x00000006ea400000, 0x00000006ea800000|  0%| F|  |TAMS 0x00000006ea400000, 0x00000006ea400000| Untracked 
| 938|0x00000006ea800000, 0x00000006ea800000, 0x00000006eac00000|  0%| F|  |TAMS 0x00000006ea800000, 0x00000006ea800000| Untracked 
| 939|0x00000006eac00000, 0x00000006eac00000, 0x00000006eb000000|  0%| F|  |TAMS 0x00000006eac00000, 0x00000006eac00000| Untracked 
| 940|0x00000006eb000000, 0x00000006eb000000, 0x00000006eb400000|  0%| F|  |TAMS 0x00000006eb000000, 0x00000006eb000000| Untracked 
| 941|0x00000006eb400000, 0x00000006eb400000, 0x00000006eb800000|  0%| F|  |TAMS 0x00000006eb400000, 0x00000006eb400000| Untracked 
| 942|0x00000006eb800000, 0x00000006eb800000, 0x00000006ebc00000|  0%| F|  |TAMS 0x00000006eb800000, 0x00000006eb800000| Untracked 
| 943|0x00000006ebc00000, 0x00000006ebc00000, 0x00000006ec000000|  0%| F|  |TAMS 0x00000006ebc00000, 0x00000006ebc00000| Untracked 
| 944|0x00000006ec000000, 0x00000006ec000000, 0x00000006ec400000|  0%| F|  |TAMS 0x00000006ec000000, 0x00000006ec000000| Untracked 
| 945|0x00000006ec400000, 0x00000006ec400000, 0x00000006ec800000|  0%| F|  |TAMS 0x00000006ec400000, 0x00000006ec400000| Untracked 
| 946|0x00000006ec800000, 0x00000006ec800000, 0x00000006ecc00000|  0%| F|  |TAMS 0x00000006ec800000, 0x00000006ec800000| Untracked 
| 947|0x00000006ecc00000, 0x00000006ecc00000, 0x00000006ed000000|  0%| F|  |TAMS 0x00000006ecc00000, 0x00000006ecc00000| Untracked 
| 948|0x00000006ed000000, 0x00000006ed000000, 0x00000006ed400000|  0%| F|  |TAMS 0x00000006ed000000, 0x00000006ed000000| Untracked 
| 949|0x00000006ed400000, 0x00000006ed400000, 0x00000006ed800000|  0%| F|  |TAMS 0x00000006ed400000, 0x00000006ed400000| Untracked 
| 950|0x00000006ed800000, 0x00000006ed800000, 0x00000006edc00000|  0%| F|  |TAMS 0x00000006ed800000, 0x00000006ed800000| Untracked 
| 951|0x00000006edc00000, 0x00000006edc00000, 0x00000006ee000000|  0%| F|  |TAMS 0x00000006edc00000, 0x00000006edc00000| Untracked 
| 952|0x00000006ee000000, 0x00000006ee000000, 0x00000006ee400000|  0%| F|  |TAMS 0x00000006ee000000, 0x00000006ee000000| Untracked 
| 953|0x00000006ee400000, 0x00000006ee400000, 0x00000006ee800000|  0%| F|  |TAMS 0x00000006ee400000, 0x00000006ee400000| Untracked 
| 954|0x00000006ee800000, 0x00000006ee800000, 0x00000006eec00000|  0%| F|  |TAMS 0x00000006ee800000, 0x00000006ee800000| Untracked 
| 955|0x00000006eec00000, 0x00000006eec00000, 0x00000006ef000000|  0%| F|  |TAMS 0x00000006eec00000, 0x00000006eec00000| Untracked 
| 956|0x00000006ef000000, 0x00000006ef000000, 0x00000006ef400000|  0%| F|  |TAMS 0x00000006ef000000, 0x00000006ef000000| Untracked 
| 957|0x00000006ef400000, 0x00000006ef400000, 0x00000006ef800000|  0%| F|  |TAMS 0x00000006ef400000, 0x00000006ef400000| Untracked 
| 958|0x00000006ef800000, 0x00000006ef800000, 0x00000006efc00000|  0%| F|  |TAMS 0x00000006ef800000, 0x00000006ef800000| Untracked 
| 959|0x00000006efc00000, 0x00000006efc00000, 0x00000006f0000000|  0%| F|  |TAMS 0x00000006efc00000, 0x00000006efc00000| Untracked 
| 960|0x00000006f0000000, 0x00000006f0000000, 0x00000006f0400000|  0%| F|  |TAMS 0x00000006f0000000, 0x00000006f0000000| Untracked 
| 961|0x00000006f0400000, 0x00000006f0400000, 0x00000006f0800000|  0%| F|  |TAMS 0x00000006f0400000, 0x00000006f0400000| Untracked 
| 962|0x00000006f0800000, 0x00000006f0800000, 0x00000006f0c00000|  0%| F|  |TAMS 0x00000006f0800000, 0x00000006f0800000| Untracked 
| 963|0x00000006f0c00000, 0x00000006f0c00000, 0x00000006f1000000|  0%| F|  |TAMS 0x00000006f0c00000, 0x00000006f0c00000| Untracked 
| 964|0x00000006f1000000, 0x00000006f1000000, 0x00000006f1400000|  0%| F|  |TAMS 0x00000006f1000000, 0x00000006f1000000| Untracked 
| 965|0x00000006f1400000, 0x00000006f1400000, 0x00000006f1800000|  0%| F|  |TAMS 0x00000006f1400000, 0x00000006f1400000| Untracked 
| 966|0x00000006f1800000, 0x00000006f1800000, 0x00000006f1c00000|  0%| F|  |TAMS 0x00000006f1800000, 0x00000006f1800000| Untracked 
| 967|0x00000006f1c00000, 0x00000006f1c00000, 0x00000006f2000000|  0%| F|  |TAMS 0x00000006f1c00000, 0x00000006f1c00000| Untracked 
| 968|0x00000006f2000000, 0x00000006f2000000, 0x00000006f2400000|  0%| F|  |TAMS 0x00000006f2000000, 0x00000006f2000000| Untracked 
| 969|0x00000006f2400000, 0x00000006f2400000, 0x00000006f2800000|  0%| F|  |TAMS 0x00000006f2400000, 0x00000006f2400000| Untracked 
| 970|0x00000006f2800000, 0x00000006f2800000, 0x00000006f2c00000|  0%| F|  |TAMS 0x00000006f2800000, 0x00000006f2800000| Untracked 
| 971|0x00000006f2c00000, 0x00000006f2c00000, 0x00000006f3000000|  0%| F|  |TAMS 0x00000006f2c00000, 0x00000006f2c00000| Untracked 
| 972|0x00000006f3000000, 0x00000006f3000000, 0x00000006f3400000|  0%| F|  |TAMS 0x00000006f3000000, 0x00000006f3000000| Untracked 
| 973|0x00000006f3400000, 0x00000006f3400000, 0x00000006f3800000|  0%| F|  |TAMS 0x00000006f3400000, 0x00000006f3400000| Untracked 
| 974|0x00000006f3800000, 0x00000006f3800000, 0x00000006f3c00000|  0%| F|  |TAMS 0x00000006f3800000, 0x00000006f3800000| Untracked 
| 975|0x00000006f3c00000, 0x00000006f3c00000, 0x00000006f4000000|  0%| F|  |TAMS 0x00000006f3c00000, 0x00000006f3c00000| Untracked 
| 976|0x00000006f4000000, 0x00000006f4000000, 0x00000006f4400000|  0%| F|  |TAMS 0x00000006f4000000, 0x00000006f4000000| Untracked 
| 977|0x00000006f4400000, 0x00000006f4400000, 0x00000006f4800000|  0%| F|  |TAMS 0x00000006f4400000, 0x00000006f4400000| Untracked 
| 978|0x00000006f4800000, 0x00000006f4800000, 0x00000006f4c00000|  0%| F|  |TAMS 0x00000006f4800000, 0x00000006f4800000| Untracked 
| 979|0x00000006f4c00000, 0x00000006f4c00000, 0x00000006f5000000|  0%| F|  |TAMS 0x00000006f4c00000, 0x00000006f4c00000| Untracked 
| 980|0x00000006f5000000, 0x00000006f5000000, 0x00000006f5400000|  0%| F|  |TAMS 0x00000006f5000000, 0x00000006f5000000| Untracked 
| 981|0x00000006f5400000, 0x00000006f5400000, 0x00000006f5800000|  0%| F|  |TAMS 0x00000006f5400000, 0x00000006f5400000| Untracked 
| 982|0x00000006f5800000, 0x00000006f5800000, 0x00000006f5c00000|  0%| F|  |TAMS 0x00000006f5800000, 0x00000006f5800000| Untracked 
| 983|0x00000006f5c00000, 0x00000006f5c00000, 0x00000006f6000000|  0%| F|  |TAMS 0x00000006f5c00000, 0x00000006f5c00000| Untracked 
| 984|0x00000006f6000000, 0x00000006f6000000, 0x00000006f6400000|  0%| F|  |TAMS 0x00000006f6000000, 0x00000006f6000000| Untracked 
| 985|0x00000006f6400000, 0x00000006f6400000, 0x00000006f6800000|  0%| F|  |TAMS 0x00000006f6400000, 0x00000006f6400000| Untracked 
| 986|0x00000006f6800000, 0x00000006f6800000, 0x00000006f6c00000|  0%| F|  |TAMS 0x00000006f6800000, 0x00000006f6800000| Untracked 
| 987|0x00000006f6c00000, 0x00000006f6c00000, 0x00000006f7000000|  0%| F|  |TAMS 0x00000006f6c00000, 0x00000006f6c00000| Untracked 
| 988|0x00000006f7000000, 0x00000006f7000000, 0x00000006f7400000|  0%| F|  |TAMS 0x00000006f7000000, 0x00000006f7000000| Untracked 
| 989|0x00000006f7400000, 0x00000006f7400000, 0x00000006f7800000|  0%| F|  |TAMS 0x00000006f7400000, 0x00000006f7400000| Untracked 
| 990|0x00000006f7800000, 0x00000006f7800000, 0x00000006f7c00000|  0%| F|  |TAMS 0x00000006f7800000, 0x00000006f7800000| Untracked 
| 991|0x00000006f7c00000, 0x00000006f7c00000, 0x00000006f8000000|  0%| F|  |TAMS 0x00000006f7c00000, 0x00000006f7c00000| Untracked 
| 992|0x00000006f8000000, 0x00000006f8000000, 0x00000006f8400000|  0%| F|  |TAMS 0x00000006f8000000, 0x00000006f8000000| Untracked 
| 993|0x00000006f8400000, 0x00000006f8400000, 0x00000006f8800000|  0%| F|  |TAMS 0x00000006f8400000, 0x00000006f8400000| Untracked 
| 994|0x00000006f8800000, 0x00000006f8800000, 0x00000006f8c00000|  0%| F|  |TAMS 0x00000006f8800000, 0x00000006f8800000| Untracked 
| 995|0x00000006f8c00000, 0x00000006f8c00000, 0x00000006f9000000|  0%| F|  |TAMS 0x00000006f8c00000, 0x00000006f8c00000| Untracked 
| 996|0x00000006f9000000, 0x00000006f9000000, 0x00000006f9400000|  0%| F|  |TAMS 0x00000006f9000000, 0x00000006f9000000| Untracked 
| 997|0x00000006f9400000, 0x00000006f9400000, 0x00000006f9800000|  0%| F|  |TAMS 0x00000006f9400000, 0x00000006f9400000| Untracked 
| 998|0x00000006f9800000, 0x00000006f9800000, 0x00000006f9c00000|  0%| F|  |TAMS 0x00000006f9800000, 0x00000006f9800000| Untracked 
| 999|0x00000006f9c00000, 0x00000006f9c00000, 0x00000006fa000000|  0%| F|  |TAMS 0x00000006f9c00000, 0x00000006f9c00000| Untracked 
|1000|0x00000006fa000000, 0x00000006fa000000, 0x00000006fa400000|  0%| F|  |TAMS 0x00000006fa000000, 0x00000006fa000000| Untracked 
|1001|0x00000006fa400000, 0x00000006fa400000, 0x00000006fa800000|  0%| F|  |TAMS 0x00000006fa400000, 0x00000006fa400000| Untracked 
|1002|0x00000006fa800000, 0x00000006fa800000, 0x00000006fac00000|  0%| F|  |TAMS 0x00000006fa800000, 0x00000006fa800000| Untracked 
|1003|0x00000006fac00000, 0x00000006fac00000, 0x00000006fb000000|  0%| F|  |TAMS 0x00000006fac00000, 0x00000006fac00000| Untracked 
|1004|0x00000006fb000000, 0x00000006fb000000, 0x00000006fb400000|  0%| F|  |TAMS 0x00000006fb000000, 0x00000006fb000000| Untracked 
|1005|0x00000006fb400000, 0x00000006fb400000, 0x00000006fb800000|  0%| F|  |TAMS 0x00000006fb400000, 0x00000006fb400000| Untracked 
|1006|0x00000006fb800000, 0x00000006fb800000, 0x00000006fbc00000|  0%| F|  |TAMS 0x00000006fb800000, 0x00000006fb800000| Untracked 
|1007|0x00000006fbc00000, 0x00000006fbc00000, 0x00000006fc000000|  0%| F|  |TAMS 0x00000006fbc00000, 0x00000006fbc00000| Untracked 
|1008|0x00000006fc000000, 0x00000006fc000000, 0x00000006fc400000|  0%| F|  |TAMS 0x00000006fc000000, 0x00000006fc000000| Untracked 
|1009|0x00000006fc400000, 0x00000006fc400000, 0x00000006fc800000|  0%| F|  |TAMS 0x00000006fc400000, 0x00000006fc400000| Untracked 
|1010|0x00000006fc800000, 0x00000006fc800000, 0x00000006fcc00000|  0%| F|  |TAMS 0x00000006fc800000, 0x00000006fc800000| Untracked 
|1011|0x00000006fcc00000, 0x00000006fcc00000, 0x00000006fd000000|  0%| F|  |TAMS 0x00000006fcc00000, 0x00000006fcc00000| Untracked 
|1012|0x00000006fd000000, 0x00000006fd000000, 0x00000006fd400000|  0%| F|  |TAMS 0x00000006fd000000, 0x00000006fd000000| Untracked 
|1013|0x00000006fd400000, 0x00000006fd400000, 0x00000006fd800000|  0%| F|  |TAMS 0x00000006fd400000, 0x00000006fd400000| Untracked 
|1014|0x00000006fd800000, 0x00000006fd800000, 0x00000006fdc00000|  0%| F|  |TAMS 0x00000006fd800000, 0x00000006fd800000| Untracked 
|1015|0x00000006fdc00000, 0x00000006fdc00000, 0x00000006fe000000|  0%| F|  |TAMS 0x00000006fdc00000, 0x00000006fdc00000| Untracked 
|1016|0x00000006fe000000, 0x00000006fe000000, 0x00000006fe400000|  0%| F|  |TAMS 0x00000006fe000000, 0x00000006fe000000| Untracked 
|1017|0x00000006fe400000, 0x00000006fe400000, 0x00000006fe800000|  0%| F|  |TAMS 0x00000006fe400000, 0x00000006fe400000| Untracked 
|1018|0x00000006fe800000, 0x00000006fe800000, 0x00000006fec00000|  0%| F|  |TAMS 0x00000006fe800000, 0x00000006fe800000| Untracked 
|1019|0x00000006fec00000, 0x00000006fec00000, 0x00000006ff000000|  0%| F|  |TAMS 0x00000006fec00000, 0x00000006fec00000| Untracked 
|1020|0x00000006ff000000, 0x00000006ff000000, 0x00000006ff400000|  0%| F|  |TAMS 0x00000006ff000000, 0x00000006ff000000| Untracked 
|1021|0x00000006ff400000, 0x00000006ff400000, 0x00000006ff800000|  0%| F|  |TAMS 0x00000006ff400000, 0x00000006ff400000| Untracked 
|1022|0x00000006ff800000, 0x00000006ff800000, 0x00000006ffc00000|  0%| F|  |TAMS 0x00000006ff800000, 0x00000006ff800000| Untracked 
|1023|0x00000006ffc00000, 0x00000006ffc00000, 0x0000000700000000|  0%| F|  |TAMS 0x00000006ffc00000, 0x00000006ffc00000| Untracked 
|1024|0x0000000700000000, 0x0000000700000000, 0x0000000700400000|  0%| F|  |TAMS 0x0000000700000000, 0x0000000700000000| Untracked 
|1025|0x0000000700400000, 0x0000000700400000, 0x0000000700800000|  0%| F|  |TAMS 0x0000000700400000, 0x0000000700400000| Untracked 
|1026|0x0000000700800000, 0x0000000700800000, 0x0000000700c00000|  0%| F|  |TAMS 0x0000000700800000, 0x0000000700800000| Untracked 
|1027|0x0000000700c00000, 0x0000000700c00000, 0x0000000701000000|  0%| F|  |TAMS 0x0000000700c00000, 0x0000000700c00000| Untracked 
|1028|0x0000000701000000, 0x0000000701000000, 0x0000000701400000|  0%| F|  |TAMS 0x0000000701000000, 0x0000000701000000| Untracked 
|1029|0x0000000701400000, 0x0000000701400000, 0x0000000701800000|  0%| F|  |TAMS 0x0000000701400000, 0x0000000701400000| Untracked 
|1030|0x0000000701800000, 0x0000000701800000, 0x0000000701c00000|  0%| F|  |TAMS 0x0000000701800000, 0x0000000701800000| Untracked 
|1031|0x0000000701c00000, 0x0000000701c00000, 0x0000000702000000|  0%| F|  |TAMS 0x0000000701c00000, 0x0000000701c00000| Untracked 
|1032|0x0000000702000000, 0x0000000702000000, 0x0000000702400000|  0%| F|  |TAMS 0x0000000702000000, 0x0000000702000000| Untracked 
|1033|0x0000000702400000, 0x0000000702400000, 0x0000000702800000|  0%| F|  |TAMS 0x0000000702400000, 0x0000000702400000| Untracked 
|1034|0x0000000702800000, 0x0000000702800000, 0x0000000702c00000|  0%| F|  |TAMS 0x0000000702800000, 0x0000000702800000| Untracked 
|1035|0x0000000702c00000, 0x0000000702c00000, 0x0000000703000000|  0%| F|  |TAMS 0x0000000702c00000, 0x0000000702c00000| Untracked 
|1036|0x0000000703000000, 0x0000000703000000, 0x0000000703400000|  0%| F|  |TAMS 0x0000000703000000, 0x0000000703000000| Untracked 
|1037|0x0000000703400000, 0x0000000703400000, 0x0000000703800000|  0%| F|  |TAMS 0x0000000703400000, 0x0000000703400000| Untracked 
|1038|0x0000000703800000, 0x0000000703800000, 0x0000000703c00000|  0%| F|  |TAMS 0x0000000703800000, 0x0000000703800000| Untracked 
|1039|0x0000000703c00000, 0x0000000703c00000, 0x0000000704000000|  0%| F|  |TAMS 0x0000000703c00000, 0x0000000703c00000| Untracked 
|1040|0x0000000704000000, 0x0000000704000000, 0x0000000704400000|  0%| F|  |TAMS 0x0000000704000000, 0x0000000704000000| Untracked 
|1041|0x0000000704400000, 0x0000000704400000, 0x0000000704800000|  0%| F|  |TAMS 0x0000000704400000, 0x0000000704400000| Untracked 
|1042|0x0000000704800000, 0x0000000704800000, 0x0000000704c00000|  0%| F|  |TAMS 0x0000000704800000, 0x0000000704800000| Untracked 
|1043|0x0000000704c00000, 0x0000000704c00000, 0x0000000705000000|  0%| F|  |TAMS 0x0000000704c00000, 0x0000000704c00000| Untracked 
|1044|0x0000000705000000, 0x0000000705000000, 0x0000000705400000|  0%| F|  |TAMS 0x0000000705000000, 0x0000000705000000| Untracked 
|1045|0x0000000705400000, 0x0000000705400000, 0x0000000705800000|  0%| F|  |TAMS 0x0000000705400000, 0x0000000705400000| Untracked 
|1046|0x0000000705800000, 0x0000000705800000, 0x0000000705c00000|  0%| F|  |TAMS 0x0000000705800000, 0x0000000705800000| Untracked 
|1047|0x0000000705c00000, 0x0000000705c00000, 0x0000000706000000|  0%| F|  |TAMS 0x0000000705c00000, 0x0000000705c00000| Untracked 
|1048|0x0000000706000000, 0x0000000706000000, 0x0000000706400000|  0%| F|  |TAMS 0x0000000706000000, 0x0000000706000000| Untracked 
|1049|0x0000000706400000, 0x0000000706400000, 0x0000000706800000|  0%| F|  |TAMS 0x0000000706400000, 0x0000000706400000| Untracked 
|1050|0x0000000706800000, 0x0000000706800000, 0x0000000706c00000|  0%| F|  |TAMS 0x0000000706800000, 0x0000000706800000| Untracked 
|1051|0x0000000706c00000, 0x0000000706c00000, 0x0000000707000000|  0%| F|  |TAMS 0x0000000706c00000, 0x0000000706c00000| Untracked 
|1052|0x0000000707000000, 0x0000000707000000, 0x0000000707400000|  0%| F|  |TAMS 0x0000000707000000, 0x0000000707000000| Untracked 
|1053|0x0000000707400000, 0x0000000707400000, 0x0000000707800000|  0%| F|  |TAMS 0x0000000707400000, 0x0000000707400000| Untracked 
|1054|0x0000000707800000, 0x0000000707800000, 0x0000000707c00000|  0%| F|  |TAMS 0x0000000707800000, 0x0000000707800000| Untracked 
|1055|0x0000000707c00000, 0x0000000707c00000, 0x0000000708000000|  0%| F|  |TAMS 0x0000000707c00000, 0x0000000707c00000| Untracked 
|1056|0x0000000708000000, 0x0000000708000000, 0x0000000708400000|  0%| F|  |TAMS 0x0000000708000000, 0x0000000708000000| Untracked 
|1057|0x0000000708400000, 0x0000000708400000, 0x0000000708800000|  0%| F|  |TAMS 0x0000000708400000, 0x0000000708400000| Untracked 
|1058|0x0000000708800000, 0x0000000708800000, 0x0000000708c00000|  0%| F|  |TAMS 0x0000000708800000, 0x0000000708800000| Untracked 
|1059|0x0000000708c00000, 0x0000000708c00000, 0x0000000709000000|  0%| F|  |TAMS 0x0000000708c00000, 0x0000000708c00000| Untracked 
|1060|0x0000000709000000, 0x0000000709000000, 0x0000000709400000|  0%| F|  |TAMS 0x0000000709000000, 0x0000000709000000| Untracked 
|1061|0x0000000709400000, 0x0000000709400000, 0x0000000709800000|  0%| F|  |TAMS 0x0000000709400000, 0x0000000709400000| Untracked 
|1062|0x0000000709800000, 0x0000000709800000, 0x0000000709c00000|  0%| F|  |TAMS 0x0000000709800000, 0x0000000709800000| Untracked 
|1063|0x0000000709c00000, 0x0000000709c00000, 0x000000070a000000|  0%| F|  |TAMS 0x0000000709c00000, 0x0000000709c00000| Untracked 
|1064|0x000000070a000000, 0x000000070a000000, 0x000000070a400000|  0%| F|  |TAMS 0x000000070a000000, 0x000000070a000000| Untracked 
|1065|0x000000070a400000, 0x000000070a400000, 0x000000070a800000|  0%| F|  |TAMS 0x000000070a400000, 0x000000070a400000| Untracked 
|1066|0x000000070a800000, 0x000000070a800000, 0x000000070ac00000|  0%| F|  |TAMS 0x000000070a800000, 0x000000070a800000| Untracked 
|1067|0x000000070ac00000, 0x000000070ac00000, 0x000000070b000000|  0%| F|  |TAMS 0x000000070ac00000, 0x000000070ac00000| Untracked 
|1068|0x000000070b000000, 0x000000070b000000, 0x000000070b400000|  0%| F|  |TAMS 0x000000070b000000, 0x000000070b000000| Untracked 
|1069|0x000000070b400000, 0x000000070b400000, 0x000000070b800000|  0%| F|  |TAMS 0x000000070b400000, 0x000000070b400000| Untracked 
|1070|0x000000070b800000, 0x000000070b800000, 0x000000070bc00000|  0%| F|  |TAMS 0x000000070b800000, 0x000000070b800000| Untracked 
|1071|0x000000070bc00000, 0x000000070bc00000, 0x000000070c000000|  0%| F|  |TAMS 0x000000070bc00000, 0x000000070bc00000| Untracked 
|1072|0x000000070c000000, 0x000000070c000000, 0x000000070c400000|  0%| F|  |TAMS 0x000000070c000000, 0x000000070c000000| Untracked 
|1073|0x000000070c400000, 0x000000070c400000, 0x000000070c800000|  0%| F|  |TAMS 0x000000070c400000, 0x000000070c400000| Untracked 
|1074|0x000000070c800000, 0x000000070c800000, 0x000000070cc00000|  0%| F|  |TAMS 0x000000070c800000, 0x000000070c800000| Untracked 
|1075|0x000000070cc00000, 0x000000070cc00000, 0x000000070d000000|  0%| F|  |TAMS 0x000000070cc00000, 0x000000070cc00000| Untracked 
|1076|0x000000070d000000, 0x000000070d000000, 0x000000070d400000|  0%| F|  |TAMS 0x000000070d000000, 0x000000070d000000| Untracked 
|1077|0x000000070d400000, 0x000000070d400000, 0x000000070d800000|  0%| F|  |TAMS 0x000000070d400000, 0x000000070d400000| Untracked 
|1078|0x000000070d800000, 0x000000070d800000, 0x000000070dc00000|  0%| F|  |TAMS 0x000000070d800000, 0x000000070d800000| Untracked 
|1079|0x000000070dc00000, 0x000000070dc00000, 0x000000070e000000|  0%| F|  |TAMS 0x000000070dc00000, 0x000000070dc00000| Untracked 
|1080|0x000000070e000000, 0x000000070e000000, 0x000000070e400000|  0%| F|  |TAMS 0x000000070e000000, 0x000000070e000000| Untracked 
|1081|0x000000070e400000, 0x000000070e400000, 0x000000070e800000|  0%| F|  |TAMS 0x000000070e400000, 0x000000070e400000| Untracked 
|1082|0x000000070e800000, 0x000000070e800000, 0x000000070ec00000|  0%| F|  |TAMS 0x000000070e800000, 0x000000070e800000| Untracked 
|1083|0x000000070ec00000, 0x000000070ec00000, 0x000000070f000000|  0%| F|  |TAMS 0x000000070ec00000, 0x000000070ec00000| Untracked 
|1084|0x000000070f000000, 0x000000070f000000, 0x000000070f400000|  0%| F|  |TAMS 0x000000070f000000, 0x000000070f000000| Untracked 
|1085|0x000000070f400000, 0x000000070f400000, 0x000000070f800000|  0%| F|  |TAMS 0x000000070f400000, 0x000000070f400000| Untracked 
|1086|0x000000070f800000, 0x000000070f800000, 0x000000070fc00000|  0%| F|  |TAMS 0x000000070f800000, 0x000000070f800000| Untracked 
|1087|0x000000070fc00000, 0x000000070fc00000, 0x0000000710000000|  0%| F|  |TAMS 0x000000070fc00000, 0x000000070fc00000| Untracked 
|1088|0x0000000710000000, 0x0000000710000000, 0x0000000710400000|  0%| F|  |TAMS 0x0000000710000000, 0x0000000710000000| Untracked 
|1089|0x0000000710400000, 0x0000000710400000, 0x0000000710800000|  0%| F|  |TAMS 0x0000000710400000, 0x0000000710400000| Untracked 
|1090|0x0000000710800000, 0x0000000710800000, 0x0000000710c00000|  0%| F|  |TAMS 0x0000000710800000, 0x0000000710800000| Untracked 
|1091|0x0000000710c00000, 0x0000000710c00000, 0x0000000711000000|  0%| F|  |TAMS 0x0000000710c00000, 0x0000000710c00000| Untracked 
|1092|0x0000000711000000, 0x0000000711000000, 0x0000000711400000|  0%| F|  |TAMS 0x0000000711000000, 0x0000000711000000| Untracked 
|1093|0x0000000711400000, 0x0000000711400000, 0x0000000711800000|  0%| F|  |TAMS 0x0000000711400000, 0x0000000711400000| Untracked 
|1094|0x0000000711800000, 0x0000000711800000, 0x0000000711c00000|  0%| F|  |TAMS 0x0000000711800000, 0x0000000711800000| Untracked 
|1095|0x0000000711c00000, 0x0000000711c00000, 0x0000000712000000|  0%| F|  |TAMS 0x0000000711c00000, 0x0000000711c00000| Untracked 
|1096|0x0000000712000000, 0x0000000712000000, 0x0000000712400000|  0%| F|  |TAMS 0x0000000712000000, 0x0000000712000000| Untracked 
|1097|0x0000000712400000, 0x0000000712400000, 0x0000000712800000|  0%| F|  |TAMS 0x0000000712400000, 0x0000000712400000| Untracked 
|1098|0x0000000712800000, 0x0000000712800000, 0x0000000712c00000|  0%| F|  |TAMS 0x0000000712800000, 0x0000000712800000| Untracked 
|1099|0x0000000712c00000, 0x0000000712c00000, 0x0000000713000000|  0%| F|  |TAMS 0x0000000712c00000, 0x0000000712c00000| Untracked 
|1100|0x0000000713000000, 0x0000000713000000, 0x0000000713400000|  0%| F|  |TAMS 0x0000000713000000, 0x0000000713000000| Untracked 
|1101|0x0000000713400000, 0x0000000713400000, 0x0000000713800000|  0%| F|  |TAMS 0x0000000713400000, 0x0000000713400000| Untracked 
|1102|0x0000000713800000, 0x0000000713800000, 0x0000000713c00000|  0%| F|  |TAMS 0x0000000713800000, 0x0000000713800000| Untracked 
|1103|0x0000000713c00000, 0x0000000713c00000, 0x0000000714000000|  0%| F|  |TAMS 0x0000000713c00000, 0x0000000713c00000| Untracked 
|1104|0x0000000714000000, 0x0000000714000000, 0x0000000714400000|  0%| F|  |TAMS 0x0000000714000000, 0x0000000714000000| Untracked 
|1105|0x0000000714400000, 0x0000000714400000, 0x0000000714800000|  0%| F|  |TAMS 0x0000000714400000, 0x0000000714400000| Untracked 
|1106|0x0000000714800000, 0x0000000714800000, 0x0000000714c00000|  0%| F|  |TAMS 0x0000000714800000, 0x0000000714800000| Untracked 
|1107|0x0000000714c00000, 0x0000000714c00000, 0x0000000715000000|  0%| F|  |TAMS 0x0000000714c00000, 0x0000000714c00000| Untracked 
|1108|0x0000000715000000, 0x0000000715000000, 0x0000000715400000|  0%| F|  |TAMS 0x0000000715000000, 0x0000000715000000| Untracked 
|1109|0x0000000715400000, 0x0000000715400000, 0x0000000715800000|  0%| F|  |TAMS 0x0000000715400000, 0x0000000715400000| Untracked 
|1110|0x0000000715800000, 0x0000000715800000, 0x0000000715c00000|  0%| F|  |TAMS 0x0000000715800000, 0x0000000715800000| Untracked 
|1111|0x0000000715c00000, 0x0000000715c00000, 0x0000000716000000|  0%| F|  |TAMS 0x0000000715c00000, 0x0000000715c00000| Untracked 
|1112|0x0000000716000000, 0x0000000716000000, 0x0000000716400000|  0%| F|  |TAMS 0x0000000716000000, 0x0000000716000000| Untracked 
|1113|0x0000000716400000, 0x0000000716400000, 0x0000000716800000|  0%| F|  |TAMS 0x0000000716400000, 0x0000000716400000| Untracked 
|1114|0x0000000716800000, 0x0000000716800000, 0x0000000716c00000|  0%| F|  |TAMS 0x0000000716800000, 0x0000000716800000| Untracked 
|1115|0x0000000716c00000, 0x0000000716c00000, 0x0000000717000000|  0%| F|  |TAMS 0x0000000716c00000, 0x0000000716c00000| Untracked 
|1116|0x0000000717000000, 0x0000000717000000, 0x0000000717400000|  0%| F|  |TAMS 0x0000000717000000, 0x0000000717000000| Untracked 
|1117|0x0000000717400000, 0x0000000717400000, 0x0000000717800000|  0%| F|  |TAMS 0x0000000717400000, 0x0000000717400000| Untracked 
|1118|0x0000000717800000, 0x0000000717800000, 0x0000000717c00000|  0%| F|  |TAMS 0x0000000717800000, 0x0000000717800000| Untracked 
|1119|0x0000000717c00000, 0x0000000717c00000, 0x0000000718000000|  0%| F|  |TAMS 0x0000000717c00000, 0x0000000717c00000| Untracked 
|1120|0x0000000718000000, 0x0000000718000000, 0x0000000718400000|  0%| F|  |TAMS 0x0000000718000000, 0x0000000718000000| Untracked 
|1121|0x0000000718400000, 0x0000000718400000, 0x0000000718800000|  0%| F|  |TAMS 0x0000000718400000, 0x0000000718400000| Untracked 
|1122|0x0000000718800000, 0x0000000718800000, 0x0000000718c00000|  0%| F|  |TAMS 0x0000000718800000, 0x0000000718800000| Untracked 
|1123|0x0000000718c00000, 0x0000000718c00000, 0x0000000719000000|  0%| F|  |TAMS 0x0000000718c00000, 0x0000000718c00000| Untracked 
|1124|0x0000000719000000, 0x0000000719000000, 0x0000000719400000|  0%| F|  |TAMS 0x0000000719000000, 0x0000000719000000| Untracked 
|1125|0x0000000719400000, 0x0000000719400000, 0x0000000719800000|  0%| F|  |TAMS 0x0000000719400000, 0x0000000719400000| Untracked 
|1126|0x0000000719800000, 0x0000000719800000, 0x0000000719c00000|  0%| F|  |TAMS 0x0000000719800000, 0x0000000719800000| Untracked 
|1127|0x0000000719c00000, 0x0000000719c00000, 0x000000071a000000|  0%| F|  |TAMS 0x0000000719c00000, 0x0000000719c00000| Untracked 
|1128|0x000000071a000000, 0x000000071a000000, 0x000000071a400000|  0%| F|  |TAMS 0x000000071a000000, 0x000000071a000000| Untracked 
|1129|0x000000071a400000, 0x000000071a400000, 0x000000071a800000|  0%| F|  |TAMS 0x000000071a400000, 0x000000071a400000| Untracked 
|1130|0x000000071a800000, 0x000000071a800000, 0x000000071ac00000|  0%| F|  |TAMS 0x000000071a800000, 0x000000071a800000| Untracked 
|1131|0x000000071ac00000, 0x000000071ac00000, 0x000000071b000000|  0%| F|  |TAMS 0x000000071ac00000, 0x000000071ac00000| Untracked 
|1132|0x000000071b000000, 0x000000071b000000, 0x000000071b400000|  0%| F|  |TAMS 0x000000071b000000, 0x000000071b000000| Untracked 
|1133|0x000000071b400000, 0x000000071b400000, 0x000000071b800000|  0%| F|  |TAMS 0x000000071b400000, 0x000000071b400000| Untracked 
|1134|0x000000071b800000, 0x000000071b800000, 0x000000071bc00000|  0%| F|  |TAMS 0x000000071b800000, 0x000000071b800000| Untracked 
|1135|0x000000071bc00000, 0x000000071bc00000, 0x000000071c000000|  0%| F|  |TAMS 0x000000071bc00000, 0x000000071bc00000| Untracked 
|1136|0x000000071c000000, 0x000000071c000000, 0x000000071c400000|  0%| F|  |TAMS 0x000000071c000000, 0x000000071c000000| Untracked 
|1137|0x000000071c400000, 0x000000071c400000, 0x000000071c800000|  0%| F|  |TAMS 0x000000071c400000, 0x000000071c400000| Untracked 
|1138|0x000000071c800000, 0x000000071c800000, 0x000000071cc00000|  0%| F|  |TAMS 0x000000071c800000, 0x000000071c800000| Untracked 
|1139|0x000000071cc00000, 0x000000071cc00000, 0x000000071d000000|  0%| F|  |TAMS 0x000000071cc00000, 0x000000071cc00000| Untracked 
|1140|0x000000071d000000, 0x000000071d000000, 0x000000071d400000|  0%| F|  |TAMS 0x000000071d000000, 0x000000071d000000| Untracked 
|1141|0x000000071d400000, 0x000000071d400000, 0x000000071d800000|  0%| F|  |TAMS 0x000000071d400000, 0x000000071d400000| Untracked 
|1142|0x000000071d800000, 0x000000071d800000, 0x000000071dc00000|  0%| F|  |TAMS 0x000000071d800000, 0x000000071d800000| Untracked 
|1143|0x000000071dc00000, 0x000000071dc00000, 0x000000071e000000|  0%| F|  |TAMS 0x000000071dc00000, 0x000000071dc00000| Untracked 
|1144|0x000000071e000000, 0x000000071e000000, 0x000000071e400000|  0%| F|  |TAMS 0x000000071e000000, 0x000000071e000000| Untracked 
|1145|0x000000071e400000, 0x000000071e400000, 0x000000071e800000|  0%| F|  |TAMS 0x000000071e400000, 0x000000071e400000| Untracked 
|1146|0x000000071e800000, 0x000000071e800000, 0x000000071ec00000|  0%| F|  |TAMS 0x000000071e800000, 0x000000071e800000| Untracked 
|1147|0x000000071ec00000, 0x000000071ec00000, 0x000000071f000000|  0%| F|  |TAMS 0x000000071ec00000, 0x000000071ec00000| Untracked 
|1148|0x000000071f000000, 0x000000071f000000, 0x000000071f400000|  0%| F|  |TAMS 0x000000071f000000, 0x000000071f000000| Untracked 
|1149|0x000000071f400000, 0x000000071f400000, 0x000000071f800000|  0%| F|  |TAMS 0x000000071f400000, 0x000000071f400000| Untracked 
|1150|0x000000071f800000, 0x000000071f800000, 0x000000071fc00000|  0%| F|  |TAMS 0x000000071f800000, 0x000000071f800000| Untracked 
|1151|0x000000071fc00000, 0x000000071fc00000, 0x0000000720000000|  0%| F|  |TAMS 0x000000071fc00000, 0x000000071fc00000| Untracked 
|1152|0x0000000720000000, 0x0000000720000000, 0x0000000720400000|  0%| F|  |TAMS 0x0000000720000000, 0x0000000720000000| Untracked 
|1153|0x0000000720400000, 0x0000000720400000, 0x0000000720800000|  0%| F|  |TAMS 0x0000000720400000, 0x0000000720400000| Untracked 
|1154|0x0000000720800000, 0x0000000720800000, 0x0000000720c00000|  0%| F|  |TAMS 0x0000000720800000, 0x0000000720800000| Untracked 
|1155|0x0000000720c00000, 0x0000000720c00000, 0x0000000721000000|  0%| F|  |TAMS 0x0000000720c00000, 0x0000000720c00000| Untracked 
|1156|0x0000000721000000, 0x0000000721000000, 0x0000000721400000|  0%| F|  |TAMS 0x0000000721000000, 0x0000000721000000| Untracked 
|1157|0x0000000721400000, 0x0000000721400000, 0x0000000721800000|  0%| F|  |TAMS 0x0000000721400000, 0x0000000721400000| Untracked 
|1158|0x0000000721800000, 0x0000000721800000, 0x0000000721c00000|  0%| F|  |TAMS 0x0000000721800000, 0x0000000721800000| Untracked 
|1159|0x0000000721c00000, 0x0000000721c00000, 0x0000000722000000|  0%| F|  |TAMS 0x0000000721c00000, 0x0000000721c00000| Untracked 
|1160|0x0000000722000000, 0x0000000722000000, 0x0000000722400000|  0%| F|  |TAMS 0x0000000722000000, 0x0000000722000000| Untracked 
|1161|0x0000000722400000, 0x0000000722400000, 0x0000000722800000|  0%| F|  |TAMS 0x0000000722400000, 0x0000000722400000| Untracked 
|1162|0x0000000722800000, 0x0000000722800000, 0x0000000722c00000|  0%| F|  |TAMS 0x0000000722800000, 0x0000000722800000| Untracked 
|1163|0x0000000722c00000, 0x0000000722c00000, 0x0000000723000000|  0%| F|  |TAMS 0x0000000722c00000, 0x0000000722c00000| Untracked 
|1164|0x0000000723000000, 0x0000000723000000, 0x0000000723400000|  0%| F|  |TAMS 0x0000000723000000, 0x0000000723000000| Untracked 
|1165|0x0000000723400000, 0x0000000723400000, 0x0000000723800000|  0%| F|  |TAMS 0x0000000723400000, 0x0000000723400000| Untracked 
|1166|0x0000000723800000, 0x0000000723800000, 0x0000000723c00000|  0%| F|  |TAMS 0x0000000723800000, 0x0000000723800000| Untracked 
|1167|0x0000000723c00000, 0x0000000723c00000, 0x0000000724000000|  0%| F|  |TAMS 0x0000000723c00000, 0x0000000723c00000| Untracked 
|1168|0x0000000724000000, 0x0000000724000000, 0x0000000724400000|  0%| F|  |TAMS 0x0000000724000000, 0x0000000724000000| Untracked 
|1169|0x0000000724400000, 0x0000000724400000, 0x0000000724800000|  0%| F|  |TAMS 0x0000000724400000, 0x0000000724400000| Untracked 
|1170|0x0000000724800000, 0x0000000724800000, 0x0000000724c00000|  0%| F|  |TAMS 0x0000000724800000, 0x0000000724800000| Untracked 
|1171|0x0000000724c00000, 0x0000000724c00000, 0x0000000725000000|  0%| F|  |TAMS 0x0000000724c00000, 0x0000000724c00000| Untracked 
|1172|0x0000000725000000, 0x00000007252d4d60, 0x0000000725400000| 70%| S|CS|TAMS 0x0000000725000000, 0x0000000725000000| Complete 
|1173|0x0000000725400000, 0x0000000725800000, 0x0000000725800000|100%| S|CS|TAMS 0x0000000725400000, 0x0000000725400000| Complete 
|1174|0x0000000725800000, 0x0000000725c00000, 0x0000000725c00000|100%| S|CS|TAMS 0x0000000725800000, 0x0000000725800000| Complete 
|1175|0x0000000725c00000, 0x0000000726000000, 0x0000000726000000|100%| S|CS|TAMS 0x0000000725c00000, 0x0000000725c00000| Complete 
|1176|0x0000000726000000, 0x0000000726400000, 0x0000000726400000|100%| S|CS|TAMS 0x0000000726000000, 0x0000000726000000| Complete 
|1177|0x0000000726400000, 0x0000000726800000, 0x0000000726800000|100%| S|CS|TAMS 0x0000000726400000, 0x0000000726400000| Complete 
|1178|0x0000000726800000, 0x0000000726c00000, 0x0000000726c00000|100%| S|CS|TAMS 0x0000000726800000, 0x0000000726800000| Complete 
|1179|0x0000000726c00000, 0x0000000727000000, 0x0000000727000000|100%| S|CS|TAMS 0x0000000726c00000, 0x0000000726c00000| Complete 
|1180|0x0000000727000000, 0x0000000727400000, 0x0000000727400000|100%| S|CS|TAMS 0x0000000727000000, 0x0000000727000000| Complete 
|1181|0x0000000727400000, 0x0000000727800000, 0x0000000727800000|100%| S|CS|TAMS 0x0000000727400000, 0x0000000727400000| Complete 
|1182|0x0000000727800000, 0x0000000727c00000, 0x0000000727c00000|100%| S|CS|TAMS 0x0000000727800000, 0x0000000727800000| Complete 
|1183|0x0000000727c00000, 0x0000000727c00000, 0x0000000728000000|  0%| F|  |TAMS 0x0000000727c00000, 0x0000000727c00000| Untracked 
|1184|0x0000000728000000, 0x0000000728000000, 0x0000000728400000|  0%| F|  |TAMS 0x0000000728000000, 0x0000000728000000| Untracked 
|1185|0x0000000728400000, 0x0000000728400000, 0x0000000728800000|  0%| F|  |TAMS 0x0000000728400000, 0x0000000728400000| Untracked 
|1186|0x0000000728800000, 0x0000000728800000, 0x0000000728c00000|  0%| F|  |TAMS 0x0000000728800000, 0x0000000728800000| Untracked 
|1187|0x0000000728c00000, 0x0000000728c00000, 0x0000000729000000|  0%| F|  |TAMS 0x0000000728c00000, 0x0000000728c00000| Untracked 
|1188|0x0000000729000000, 0x0000000729000000, 0x0000000729400000|  0%| F|  |TAMS 0x0000000729000000, 0x0000000729000000| Untracked 
|1189|0x0000000729400000, 0x0000000729400000, 0x0000000729800000|  0%| F|  |TAMS 0x0000000729400000, 0x0000000729400000| Untracked 
|1190|0x0000000729800000, 0x0000000729800000, 0x0000000729c00000|  0%| F|  |TAMS 0x0000000729800000, 0x0000000729800000| Untracked 
|1191|0x0000000729c00000, 0x0000000729c00000, 0x000000072a000000|  0%| F|  |TAMS 0x0000000729c00000, 0x0000000729c00000| Untracked 
|1192|0x000000072a000000, 0x000000072a000000, 0x000000072a400000|  0%| F|  |TAMS 0x000000072a000000, 0x000000072a000000| Untracked 
|1193|0x000000072a400000, 0x000000072a400000, 0x000000072a800000|  0%| F|  |TAMS 0x000000072a400000, 0x000000072a400000| Untracked 
|1194|0x000000072a800000, 0x000000072a800000, 0x000000072ac00000|  0%| F|  |TAMS 0x000000072a800000, 0x000000072a800000| Untracked 
|1195|0x000000072ac00000, 0x000000072ac00000, 0x000000072b000000|  0%| F|  |TAMS 0x000000072ac00000, 0x000000072ac00000| Untracked 
|1196|0x000000072b000000, 0x000000072b000000, 0x000000072b400000|  0%| F|  |TAMS 0x000000072b000000, 0x000000072b000000| Untracked 
|1197|0x000000072b400000, 0x000000072b400000, 0x000000072b800000|  0%| F|  |TAMS 0x000000072b400000, 0x000000072b400000| Untracked 
|1198|0x000000072b800000, 0x000000072b800000, 0x000000072bc00000|  0%| F|  |TAMS 0x000000072b800000, 0x000000072b800000| Untracked 
|1199|0x000000072bc00000, 0x000000072bc00000, 0x000000072c000000|  0%| F|  |TAMS 0x000000072bc00000, 0x000000072bc00000| Untracked 
|1200|0x000000072c000000, 0x000000072c000000, 0x000000072c400000|  0%| F|  |TAMS 0x000000072c000000, 0x000000072c000000| Untracked 
|1201|0x000000072c400000, 0x000000072c400000, 0x000000072c800000|  0%| F|  |TAMS 0x000000072c400000, 0x000000072c400000| Untracked 
|1202|0x000000072c800000, 0x000000072c800000, 0x000000072cc00000|  0%| F|  |TAMS 0x000000072c800000, 0x000000072c800000| Untracked 
|1203|0x000000072cc00000, 0x000000072cc00000, 0x000000072d000000|  0%| F|  |TAMS 0x000000072cc00000, 0x000000072cc00000| Untracked 
|1204|0x000000072d000000, 0x000000072d000000, 0x000000072d400000|  0%| F|  |TAMS 0x000000072d000000, 0x000000072d000000| Untracked 
|1205|0x000000072d400000, 0x000000072d400000, 0x000000072d800000|  0%| F|  |TAMS 0x000000072d400000, 0x000000072d400000| Untracked 
|1206|0x000000072d800000, 0x000000072d800000, 0x000000072dc00000|  0%| F|  |TAMS 0x000000072d800000, 0x000000072d800000| Untracked 
|1207|0x000000072dc00000, 0x000000072dc00000, 0x000000072e000000|  0%| F|  |TAMS 0x000000072dc00000, 0x000000072dc00000| Untracked 
|1208|0x000000072e000000, 0x000000072e000000, 0x000000072e400000|  0%| F|  |TAMS 0x000000072e000000, 0x000000072e000000| Untracked 
|1209|0x000000072e400000, 0x000000072e400000, 0x000000072e800000|  0%| F|  |TAMS 0x000000072e400000, 0x000000072e400000| Untracked 
|1210|0x000000072e800000, 0x000000072e800000, 0x000000072ec00000|  0%| F|  |TAMS 0x000000072e800000, 0x000000072e800000| Untracked 
|1211|0x000000072ec00000, 0x000000072ec00000, 0x000000072f000000|  0%| F|  |TAMS 0x000000072ec00000, 0x000000072ec00000| Untracked 
|1212|0x000000072f000000, 0x000000072f000000, 0x000000072f400000|  0%| F|  |TAMS 0x000000072f000000, 0x000000072f000000| Untracked 
|1213|0x000000072f400000, 0x000000072f400000, 0x000000072f800000|  0%| F|  |TAMS 0x000000072f400000, 0x000000072f400000| Untracked 
|1214|0x000000072f800000, 0x000000072f800000, 0x000000072fc00000|  0%| F|  |TAMS 0x000000072f800000, 0x000000072f800000| Untracked 
|1215|0x000000072fc00000, 0x000000072fc00000, 0x0000000730000000|  0%| F|  |TAMS 0x000000072fc00000, 0x000000072fc00000| Untracked 
|1216|0x0000000730000000, 0x0000000730000000, 0x0000000730400000|  0%| F|  |TAMS 0x0000000730000000, 0x0000000730000000| Untracked 
|1217|0x0000000730400000, 0x0000000730400000, 0x0000000730800000|  0%| F|  |TAMS 0x0000000730400000, 0x0000000730400000| Untracked 
|1218|0x0000000730800000, 0x0000000730800000, 0x0000000730c00000|  0%| F|  |TAMS 0x0000000730800000, 0x0000000730800000| Untracked 
|1219|0x0000000730c00000, 0x0000000730c00000, 0x0000000731000000|  0%| F|  |TAMS 0x0000000730c00000, 0x0000000730c00000| Untracked 
|1220|0x0000000731000000, 0x0000000731000000, 0x0000000731400000|  0%| F|  |TAMS 0x0000000731000000, 0x0000000731000000| Untracked 
|1221|0x0000000731400000, 0x0000000731400000, 0x0000000731800000|  0%| F|  |TAMS 0x0000000731400000, 0x0000000731400000| Untracked 
|1222|0x0000000731800000, 0x0000000731800000, 0x0000000731c00000|  0%| F|  |TAMS 0x0000000731800000, 0x0000000731800000| Untracked 
|1223|0x0000000731c00000, 0x0000000731c00000, 0x0000000732000000|  0%| F|  |TAMS 0x0000000731c00000, 0x0000000731c00000| Untracked 
|1224|0x0000000732000000, 0x0000000732000000, 0x0000000732400000|  0%| F|  |TAMS 0x0000000732000000, 0x0000000732000000| Untracked 
|1225|0x0000000732400000, 0x0000000732400000, 0x0000000732800000|  0%| F|  |TAMS 0x0000000732400000, 0x0000000732400000| Untracked 
|1226|0x0000000732800000, 0x0000000732800000, 0x0000000732c00000|  0%| F|  |TAMS 0x0000000732800000, 0x0000000732800000| Untracked 
|1227|0x0000000732c00000, 0x0000000732c00000, 0x0000000733000000|  0%| F|  |TAMS 0x0000000732c00000, 0x0000000732c00000| Untracked 
|1228|0x0000000733000000, 0x0000000733000000, 0x0000000733400000|  0%| F|  |TAMS 0x0000000733000000, 0x0000000733000000| Untracked 
|1229|0x0000000733400000, 0x0000000733400000, 0x0000000733800000|  0%| F|  |TAMS 0x0000000733400000, 0x0000000733400000| Untracked 
|1230|0x0000000733800000, 0x0000000733800000, 0x0000000733c00000|  0%| F|  |TAMS 0x0000000733800000, 0x0000000733800000| Untracked 
|1231|0x0000000733c00000, 0x0000000733c00000, 0x0000000734000000|  0%| F|  |TAMS 0x0000000733c00000, 0x0000000733c00000| Untracked 
|1232|0x0000000734000000, 0x0000000734000000, 0x0000000734400000|  0%| F|  |TAMS 0x0000000734000000, 0x0000000734000000| Untracked 
|1233|0x0000000734400000, 0x0000000734400000, 0x0000000734800000|  0%| F|  |TAMS 0x0000000734400000, 0x0000000734400000| Untracked 
|1234|0x0000000734800000, 0x0000000734800000, 0x0000000734c00000|  0%| F|  |TAMS 0x0000000734800000, 0x0000000734800000| Untracked 
|1235|0x0000000734c00000, 0x0000000734c00000, 0x0000000735000000|  0%| F|  |TAMS 0x0000000734c00000, 0x0000000734c00000| Untracked 
|1236|0x0000000735000000, 0x0000000735000000, 0x0000000735400000|  0%| F|  |TAMS 0x0000000735000000, 0x0000000735000000| Untracked 
|1237|0x0000000735400000, 0x0000000735400000, 0x0000000735800000|  0%| F|  |TAMS 0x0000000735400000, 0x0000000735400000| Untracked 
|1238|0x0000000735800000, 0x0000000735800000, 0x0000000735c00000|  0%| F|  |TAMS 0x0000000735800000, 0x0000000735800000| Untracked 
|1239|0x0000000735c00000, 0x0000000735c00000, 0x0000000736000000|  0%| F|  |TAMS 0x0000000735c00000, 0x0000000735c00000| Untracked 
|1240|0x0000000736000000, 0x0000000736000000, 0x0000000736400000|  0%| F|  |TAMS 0x0000000736000000, 0x0000000736000000| Untracked 
|1241|0x0000000736400000, 0x0000000736400000, 0x0000000736800000|  0%| F|  |TAMS 0x0000000736400000, 0x0000000736400000| Untracked 
|1242|0x0000000736800000, 0x0000000736800000, 0x0000000736c00000|  0%| F|  |TAMS 0x0000000736800000, 0x0000000736800000| Untracked 
|1243|0x0000000736c00000, 0x0000000736c00000, 0x0000000737000000|  0%| F|  |TAMS 0x0000000736c00000, 0x0000000736c00000| Untracked 
|1244|0x0000000737000000, 0x0000000737000000, 0x0000000737400000|  0%| F|  |TAMS 0x0000000737000000, 0x0000000737000000| Untracked 
|1245|0x0000000737400000, 0x0000000737400000, 0x0000000737800000|  0%| F|  |TAMS 0x0000000737400000, 0x0000000737400000| Untracked 
|1246|0x0000000737800000, 0x0000000737800000, 0x0000000737c00000|  0%| F|  |TAMS 0x0000000737800000, 0x0000000737800000| Untracked 
|1247|0x0000000737c00000, 0x0000000737c00000, 0x0000000738000000|  0%| F|  |TAMS 0x0000000737c00000, 0x0000000737c00000| Untracked 
|1248|0x0000000738000000, 0x0000000738000000, 0x0000000738400000|  0%| F|  |TAMS 0x0000000738000000, 0x0000000738000000| Untracked 
|1249|0x0000000738400000, 0x0000000738400000, 0x0000000738800000|  0%| F|  |TAMS 0x0000000738400000, 0x0000000738400000| Untracked 
|1250|0x0000000738800000, 0x0000000738800000, 0x0000000738c00000|  0%| F|  |TAMS 0x0000000738800000, 0x0000000738800000| Untracked 
|1251|0x0000000738c00000, 0x0000000738c00000, 0x0000000739000000|  0%| F|  |TAMS 0x0000000738c00000, 0x0000000738c00000| Untracked 
|1252|0x0000000739000000, 0x0000000739000000, 0x0000000739400000|  0%| F|  |TAMS 0x0000000739000000, 0x0000000739000000| Untracked 
|1253|0x0000000739400000, 0x0000000739400000, 0x0000000739800000|  0%| F|  |TAMS 0x0000000739400000, 0x0000000739400000| Untracked 
|1254|0x0000000739800000, 0x0000000739800000, 0x0000000739c00000|  0%| F|  |TAMS 0x0000000739800000, 0x0000000739800000| Untracked 
|1255|0x0000000739c00000, 0x0000000739c00000, 0x000000073a000000|  0%| F|  |TAMS 0x0000000739c00000, 0x0000000739c00000| Untracked 
|1256|0x000000073a000000, 0x000000073a000000, 0x000000073a400000|  0%| F|  |TAMS 0x000000073a000000, 0x000000073a000000| Untracked 
|1257|0x000000073a400000, 0x000000073a400000, 0x000000073a800000|  0%| F|  |TAMS 0x000000073a400000, 0x000000073a400000| Untracked 
|1258|0x000000073a800000, 0x000000073a800000, 0x000000073ac00000|  0%| F|  |TAMS 0x000000073a800000, 0x000000073a800000| Untracked 
|1259|0x000000073ac00000, 0x000000073ac00000, 0x000000073b000000|  0%| F|  |TAMS 0x000000073ac00000, 0x000000073ac00000| Untracked 
|1260|0x000000073b000000, 0x000000073b000000, 0x000000073b400000|  0%| F|  |TAMS 0x000000073b000000, 0x000000073b000000| Untracked 
|1261|0x000000073b400000, 0x000000073b400000, 0x000000073b800000|  0%| F|  |TAMS 0x000000073b400000, 0x000000073b400000| Untracked 
|1262|0x000000073b800000, 0x000000073b800000, 0x000000073bc00000|  0%| F|  |TAMS 0x000000073b800000, 0x000000073b800000| Untracked 
|1263|0x000000073bc00000, 0x000000073bc00000, 0x000000073c000000|  0%| F|  |TAMS 0x000000073bc00000, 0x000000073bc00000| Untracked 
|1264|0x000000073c000000, 0x000000073c000000, 0x000000073c400000|  0%| F|  |TAMS 0x000000073c000000, 0x000000073c000000| Untracked 
|1265|0x000000073c400000, 0x000000073c400000, 0x000000073c800000|  0%| F|  |TAMS 0x000000073c400000, 0x000000073c400000| Untracked 
|1266|0x000000073c800000, 0x000000073c800000, 0x000000073cc00000|  0%| F|  |TAMS 0x000000073c800000, 0x000000073c800000| Untracked 
|1267|0x000000073cc00000, 0x000000073cc00000, 0x000000073d000000|  0%| F|  |TAMS 0x000000073cc00000, 0x000000073cc00000| Untracked 
|1268|0x000000073d000000, 0x000000073d000000, 0x000000073d400000|  0%| F|  |TAMS 0x000000073d000000, 0x000000073d000000| Untracked 
|1269|0x000000073d400000, 0x000000073d400000, 0x000000073d800000|  0%| F|  |TAMS 0x000000073d400000, 0x000000073d400000| Untracked 
|1270|0x000000073d800000, 0x000000073d800000, 0x000000073dc00000|  0%| F|  |TAMS 0x000000073d800000, 0x000000073d800000| Untracked 
|1271|0x000000073dc00000, 0x000000073dc00000, 0x000000073e000000|  0%| F|  |TAMS 0x000000073dc00000, 0x000000073dc00000| Untracked 
|1272|0x000000073e000000, 0x000000073e000000, 0x000000073e400000|  0%| F|  |TAMS 0x000000073e000000, 0x000000073e000000| Untracked 
|1273|0x000000073e400000, 0x000000073e400000, 0x000000073e800000|  0%| F|  |TAMS 0x000000073e400000, 0x000000073e400000| Untracked 
|1274|0x000000073e800000, 0x000000073e800000, 0x000000073ec00000|  0%| F|  |TAMS 0x000000073e800000, 0x000000073e800000| Untracked 
|1275|0x000000073ec00000, 0x000000073ec00000, 0x000000073f000000|  0%| F|  |TAMS 0x000000073ec00000, 0x000000073ec00000| Untracked 
|1276|0x000000073f000000, 0x000000073f000000, 0x000000073f400000|  0%| F|  |TAMS 0x000000073f000000, 0x000000073f000000| Untracked 
|1277|0x000000073f400000, 0x000000073f400000, 0x000000073f800000|  0%| F|  |TAMS 0x000000073f400000, 0x000000073f400000| Untracked 
|1278|0x000000073f800000, 0x000000073f800000, 0x000000073fc00000|  0%| F|  |TAMS 0x000000073f800000, 0x000000073f800000| Untracked 
|1279|0x000000073fc00000, 0x000000073fc00000, 0x0000000740000000|  0%| F|  |TAMS 0x000000073fc00000, 0x000000073fc00000| Untracked 
|1280|0x0000000740000000, 0x0000000740000000, 0x0000000740400000|  0%| F|  |TAMS 0x0000000740000000, 0x0000000740000000| Untracked 
|1281|0x0000000740400000, 0x0000000740400000, 0x0000000740800000|  0%| F|  |TAMS 0x0000000740400000, 0x0000000740400000| Untracked 
|1282|0x0000000740800000, 0x0000000740800000, 0x0000000740c00000|  0%| F|  |TAMS 0x0000000740800000, 0x0000000740800000| Untracked 
|1283|0x0000000740c00000, 0x0000000740c00000, 0x0000000741000000|  0%| F|  |TAMS 0x0000000740c00000, 0x0000000740c00000| Untracked 
|1284|0x0000000741000000, 0x0000000741000000, 0x0000000741400000|  0%| F|  |TAMS 0x0000000741000000, 0x0000000741000000| Untracked 
|1285|0x0000000741400000, 0x0000000741400000, 0x0000000741800000|  0%| F|  |TAMS 0x0000000741400000, 0x0000000741400000| Untracked 
|1286|0x0000000741800000, 0x0000000741800000, 0x0000000741c00000|  0%| F|  |TAMS 0x0000000741800000, 0x0000000741800000| Untracked 
|1287|0x0000000741c00000, 0x0000000741c00000, 0x0000000742000000|  0%| F|  |TAMS 0x0000000741c00000, 0x0000000741c00000| Untracked 
|1288|0x0000000742000000, 0x0000000742000000, 0x0000000742400000|  0%| F|  |TAMS 0x0000000742000000, 0x0000000742000000| Untracked 
|1289|0x0000000742400000, 0x0000000742400000, 0x0000000742800000|  0%| F|  |TAMS 0x0000000742400000, 0x0000000742400000| Untracked 
|1290|0x0000000742800000, 0x0000000742800000, 0x0000000742c00000|  0%| F|  |TAMS 0x0000000742800000, 0x0000000742800000| Untracked 
|1291|0x0000000742c00000, 0x0000000742c00000, 0x0000000743000000|  0%| F|  |TAMS 0x0000000742c00000, 0x0000000742c00000| Untracked 
|1292|0x0000000743000000, 0x0000000743000000, 0x0000000743400000|  0%| F|  |TAMS 0x0000000743000000, 0x0000000743000000| Untracked 
|1293|0x0000000743400000, 0x0000000743400000, 0x0000000743800000|  0%| F|  |TAMS 0x0000000743400000, 0x0000000743400000| Untracked 
|1294|0x0000000743800000, 0x0000000743800000, 0x0000000743c00000|  0%| F|  |TAMS 0x0000000743800000, 0x0000000743800000| Untracked 
|1295|0x0000000743c00000, 0x0000000743c00000, 0x0000000744000000|  0%| F|  |TAMS 0x0000000743c00000, 0x0000000743c00000| Untracked 
|1296|0x0000000744000000, 0x0000000744000000, 0x0000000744400000|  0%| F|  |TAMS 0x0000000744000000, 0x0000000744000000| Untracked 
|1297|0x0000000744400000, 0x0000000744400000, 0x0000000744800000|  0%| F|  |TAMS 0x0000000744400000, 0x0000000744400000| Untracked 
|1298|0x0000000744800000, 0x0000000744800000, 0x0000000744c00000|  0%| F|  |TAMS 0x0000000744800000, 0x0000000744800000| Untracked 
|1299|0x0000000744c00000, 0x0000000744c00000, 0x0000000745000000|  0%| F|  |TAMS 0x0000000744c00000, 0x0000000744c00000| Untracked 
|1300|0x0000000745000000, 0x0000000745000000, 0x0000000745400000|  0%| F|  |TAMS 0x0000000745000000, 0x0000000745000000| Untracked 
|1301|0x0000000745400000, 0x0000000745400000, 0x0000000745800000|  0%| F|  |TAMS 0x0000000745400000, 0x0000000745400000| Untracked 
|1302|0x0000000745800000, 0x0000000745800000, 0x0000000745c00000|  0%| F|  |TAMS 0x0000000745800000, 0x0000000745800000| Untracked 
|1303|0x0000000745c00000, 0x0000000745c00000, 0x0000000746000000|  0%| F|  |TAMS 0x0000000745c00000, 0x0000000745c00000| Untracked 
|1304|0x0000000746000000, 0x0000000746000000, 0x0000000746400000|  0%| F|  |TAMS 0x0000000746000000, 0x0000000746000000| Untracked 
|1305|0x0000000746400000, 0x0000000746400000, 0x0000000746800000|  0%| F|  |TAMS 0x0000000746400000, 0x0000000746400000| Untracked 
|1306|0x0000000746800000, 0x0000000746800000, 0x0000000746c00000|  0%| F|  |TAMS 0x0000000746800000, 0x0000000746800000| Untracked 
|1307|0x0000000746c00000, 0x0000000746c00000, 0x0000000747000000|  0%| F|  |TAMS 0x0000000746c00000, 0x0000000746c00000| Untracked 
|1308|0x0000000747000000, 0x0000000747000000, 0x0000000747400000|  0%| F|  |TAMS 0x0000000747000000, 0x0000000747000000| Untracked 
|1309|0x0000000747400000, 0x0000000747400000, 0x0000000747800000|  0%| F|  |TAMS 0x0000000747400000, 0x0000000747400000| Untracked 
|1310|0x0000000747800000, 0x0000000747800000, 0x0000000747c00000|  0%| F|  |TAMS 0x0000000747800000, 0x0000000747800000| Untracked 
|1311|0x0000000747c00000, 0x0000000747c00000, 0x0000000748000000|  0%| F|  |TAMS 0x0000000747c00000, 0x0000000747c00000| Untracked 
|1312|0x0000000748000000, 0x0000000748000000, 0x0000000748400000|  0%| F|  |TAMS 0x0000000748000000, 0x0000000748000000| Untracked 
|1313|0x0000000748400000, 0x0000000748400000, 0x0000000748800000|  0%| F|  |TAMS 0x0000000748400000, 0x0000000748400000| Untracked 
|1314|0x0000000748800000, 0x0000000748800000, 0x0000000748c00000|  0%| F|  |TAMS 0x0000000748800000, 0x0000000748800000| Untracked 
|1315|0x0000000748c00000, 0x0000000748c00000, 0x0000000749000000|  0%| F|  |TAMS 0x0000000748c00000, 0x0000000748c00000| Untracked 
|1316|0x0000000749000000, 0x0000000749000000, 0x0000000749400000|  0%| F|  |TAMS 0x0000000749000000, 0x0000000749000000| Untracked 
|1317|0x0000000749400000, 0x0000000749400000, 0x0000000749800000|  0%| F|  |TAMS 0x0000000749400000, 0x0000000749400000| Untracked 
|1318|0x0000000749800000, 0x0000000749800000, 0x0000000749c00000|  0%| F|  |TAMS 0x0000000749800000, 0x0000000749800000| Untracked 
|1319|0x0000000749c00000, 0x0000000749c00000, 0x000000074a000000|  0%| F|  |TAMS 0x0000000749c00000, 0x0000000749c00000| Untracked 
|1320|0x000000074a000000, 0x000000074a000000, 0x000000074a400000|  0%| F|  |TAMS 0x000000074a000000, 0x000000074a000000| Untracked 
|1321|0x000000074a400000, 0x000000074a400000, 0x000000074a800000|  0%| F|  |TAMS 0x000000074a400000, 0x000000074a400000| Untracked 
|1322|0x000000074a800000, 0x000000074a800000, 0x000000074ac00000|  0%| F|  |TAMS 0x000000074a800000, 0x000000074a800000| Untracked 
|1323|0x000000074ac00000, 0x000000074ac00000, 0x000000074b000000|  0%| F|  |TAMS 0x000000074ac00000, 0x000000074ac00000| Untracked 
|1324|0x000000074b000000, 0x000000074b000000, 0x000000074b400000|  0%| F|  |TAMS 0x000000074b000000, 0x000000074b000000| Untracked 
|1325|0x000000074b400000, 0x000000074b4046a8, 0x000000074b800000|  0%| E|  |TAMS 0x000000074b400000, 0x000000074b400000| Complete 
|1326|0x000000074b800000, 0x000000074bc00000, 0x000000074bc00000|100%| E|CS|TAMS 0x000000074b800000, 0x000000074b800000| Complete 
|1327|0x000000074bc00000, 0x000000074c000000, 0x000000074c000000|100%| E|CS|TAMS 0x000000074bc00000, 0x000000074bc00000| Complete 
|1328|0x000000074c000000, 0x000000074c400000, 0x000000074c400000|100%| E|CS|TAMS 0x000000074c000000, 0x000000074c000000| Complete 
|1329|0x000000074c400000, 0x000000074c800000, 0x000000074c800000|100%| E|CS|TAMS 0x000000074c400000, 0x000000074c400000| Complete 
|1330|0x000000074c800000, 0x000000074cc00000, 0x000000074cc00000|100%| E|CS|TAMS 0x000000074c800000, 0x000000074c800000| Complete 
|1331|0x000000074cc00000, 0x000000074d000000, 0x000000074d000000|100%| E|CS|TAMS 0x000000074cc00000, 0x000000074cc00000| Complete 
|1332|0x000000074d000000, 0x000000074d400000, 0x000000074d400000|100%| E|CS|TAMS 0x000000074d000000, 0x000000074d000000| Complete 
|1333|0x000000074d400000, 0x000000074d800000, 0x000000074d800000|100%| E|CS|TAMS 0x000000074d400000, 0x000000074d400000| Complete 
|1334|0x000000074d800000, 0x000000074dc00000, 0x000000074dc00000|100%| E|CS|TAMS 0x000000074d800000, 0x000000074d800000| Complete 
|1335|0x000000074dc00000, 0x000000074e000000, 0x000000074e000000|100%| E|CS|TAMS 0x000000074dc00000, 0x000000074dc00000| Complete 
|1336|0x000000074e000000, 0x000000074e400000, 0x000000074e400000|100%| E|CS|TAMS 0x000000074e000000, 0x000000074e000000| Complete 
|1337|0x000000074e400000, 0x000000074e800000, 0x000000074e800000|100%| E|CS|TAMS 0x000000074e400000, 0x000000074e400000| Complete 
|1338|0x000000074e800000, 0x000000074ec00000, 0x000000074ec00000|100%| E|CS|TAMS 0x000000074e800000, 0x000000074e800000| Complete 
|1339|0x000000074ec00000, 0x000000074f000000, 0x000000074f000000|100%| E|CS|TAMS 0x000000074ec00000, 0x000000074ec00000| Complete 
|1340|0x000000074f000000, 0x000000074f400000, 0x000000074f400000|100%| E|CS|TAMS 0x000000074f000000, 0x000000074f000000| Complete 
|1341|0x000000074f400000, 0x000000074f800000, 0x000000074f800000|100%| E|CS|TAMS 0x000000074f400000, 0x000000074f400000| Complete 
|1342|0x000000074f800000, 0x000000074fc00000, 0x000000074fc00000|100%| E|CS|TAMS 0x000000074f800000, 0x000000074f800000| Complete 
|1343|0x000000074fc00000, 0x0000000750000000, 0x0000000750000000|100%| E|CS|TAMS 0x000000074fc00000, 0x000000074fc00000| Complete 
|1344|0x0000000750000000, 0x0000000750400000, 0x0000000750400000|100%| E|CS|TAMS 0x0000000750000000, 0x0000000750000000| Complete 
|1345|0x0000000750400000, 0x0000000750800000, 0x0000000750800000|100%| E|CS|TAMS 0x0000000750400000, 0x0000000750400000| Complete 
|1346|0x0000000750800000, 0x0000000750c00000, 0x0000000750c00000|100%| E|CS|TAMS 0x0000000750800000, 0x0000000750800000| Complete 
|1347|0x0000000750c00000, 0x0000000751000000, 0x0000000751000000|100%| E|CS|TAMS 0x0000000750c00000, 0x0000000750c00000| Complete 
|1348|0x0000000751000000, 0x0000000751400000, 0x0000000751400000|100%| E|CS|TAMS 0x0000000751000000, 0x0000000751000000| Complete 
|1349|0x0000000751400000, 0x0000000751800000, 0x0000000751800000|100%| E|CS|TAMS 0x0000000751400000, 0x0000000751400000| Complete 
|1350|0x0000000751800000, 0x0000000751c00000, 0x0000000751c00000|100%| E|CS|TAMS 0x0000000751800000, 0x0000000751800000| Complete 
|1351|0x0000000751c00000, 0x0000000752000000, 0x0000000752000000|100%| E|CS|TAMS 0x0000000751c00000, 0x0000000751c00000| Complete 
|1352|0x0000000752000000, 0x0000000752400000, 0x0000000752400000|100%| E|CS|TAMS 0x0000000752000000, 0x0000000752000000| Complete 
|1353|0x0000000752400000, 0x0000000752800000, 0x0000000752800000|100%| E|CS|TAMS 0x0000000752400000, 0x0000000752400000| Complete 
|1354|0x0000000752800000, 0x0000000752c00000, 0x0000000752c00000|100%| E|CS|TAMS 0x0000000752800000, 0x0000000752800000| Complete 
|1355|0x0000000752c00000, 0x0000000753000000, 0x0000000753000000|100%| E|CS|TAMS 0x0000000752c00000, 0x0000000752c00000| Complete 
|1356|0x0000000753000000, 0x0000000753400000, 0x0000000753400000|100%| E|CS|TAMS 0x0000000753000000, 0x0000000753000000| Complete 
|1357|0x0000000753400000, 0x0000000753800000, 0x0000000753800000|100%| E|CS|TAMS 0x0000000753400000, 0x0000000753400000| Complete 
|1358|0x0000000753800000, 0x0000000753c00000, 0x0000000753c00000|100%| E|CS|TAMS 0x0000000753800000, 0x0000000753800000| Complete 
|1359|0x0000000753c00000, 0x0000000754000000, 0x0000000754000000|100%| E|CS|TAMS 0x0000000753c00000, 0x0000000753c00000| Complete 
|1360|0x0000000754000000, 0x0000000754400000, 0x0000000754400000|100%| E|CS|TAMS 0x0000000754000000, 0x0000000754000000| Complete 
|1361|0x0000000754400000, 0x0000000754800000, 0x0000000754800000|100%| E|CS|TAMS 0x0000000754400000, 0x0000000754400000| Complete 
|1362|0x0000000754800000, 0x0000000754c00000, 0x0000000754c00000|100%| E|CS|TAMS 0x0000000754800000, 0x0000000754800000| Complete 
|1363|0x0000000754c00000, 0x0000000755000000, 0x0000000755000000|100%| E|CS|TAMS 0x0000000754c00000, 0x0000000754c00000| Complete 
|1364|0x0000000755000000, 0x0000000755400000, 0x0000000755400000|100%| E|CS|TAMS 0x0000000755000000, 0x0000000755000000| Complete 
|1365|0x0000000755400000, 0x0000000755800000, 0x0000000755800000|100%| E|CS|TAMS 0x0000000755400000, 0x0000000755400000| Complete 
|1366|0x0000000755800000, 0x0000000755c00000, 0x0000000755c00000|100%| E|CS|TAMS 0x0000000755800000, 0x0000000755800000| Complete 
|1367|0x0000000755c00000, 0x0000000756000000, 0x0000000756000000|100%| E|CS|TAMS 0x0000000755c00000, 0x0000000755c00000| Complete 
|1368|0x0000000756000000, 0x0000000756400000, 0x0000000756400000|100%| E|CS|TAMS 0x0000000756000000, 0x0000000756000000| Complete 
|1369|0x0000000756400000, 0x0000000756800000, 0x0000000756800000|100%| E|CS|TAMS 0x0000000756400000, 0x0000000756400000| Complete 
|1370|0x0000000756800000, 0x0000000756c00000, 0x0000000756c00000|100%| E|CS|TAMS 0x0000000756800000, 0x0000000756800000| Complete 
|1371|0x0000000756c00000, 0x0000000757000000, 0x0000000757000000|100%| E|CS|TAMS 0x0000000756c00000, 0x0000000756c00000| Complete 
|1372|0x0000000757000000, 0x0000000757400000, 0x0000000757400000|100%| E|CS|TAMS 0x0000000757000000, 0x0000000757000000| Complete 
|1373|0x0000000757400000, 0x0000000757800000, 0x0000000757800000|100%| E|CS|TAMS 0x0000000757400000, 0x0000000757400000| Complete 
|1374|0x0000000757800000, 0x0000000757c00000, 0x0000000757c00000|100%| E|CS|TAMS 0x0000000757800000, 0x0000000757800000| Complete 
|1375|0x0000000757c00000, 0x0000000758000000, 0x0000000758000000|100%| E|CS|TAMS 0x0000000757c00000, 0x0000000757c00000| Complete 
|1376|0x0000000758000000, 0x0000000758400000, 0x0000000758400000|100%| E|CS|TAMS 0x0000000758000000, 0x0000000758000000| Complete 
|1377|0x0000000758400000, 0x0000000758800000, 0x0000000758800000|100%| E|CS|TAMS 0x0000000758400000, 0x0000000758400000| Complete 
|1378|0x0000000758800000, 0x0000000758c00000, 0x0000000758c00000|100%| E|CS|TAMS 0x0000000758800000, 0x0000000758800000| Complete 
|1379|0x0000000758c00000, 0x0000000759000000, 0x0000000759000000|100%| E|CS|TAMS 0x0000000758c00000, 0x0000000758c00000| Complete 
|1380|0x0000000759000000, 0x0000000759400000, 0x0000000759400000|100%| E|CS|TAMS 0x0000000759000000, 0x0000000759000000| Complete 
|1381|0x0000000759400000, 0x0000000759800000, 0x0000000759800000|100%| E|CS|TAMS 0x0000000759400000, 0x0000000759400000| Complete 
|1382|0x0000000759800000, 0x0000000759c00000, 0x0000000759c00000|100%| E|CS|TAMS 0x0000000759800000, 0x0000000759800000| Complete 
|1383|0x0000000759c00000, 0x000000075a000000, 0x000000075a000000|100%| E|CS|TAMS 0x0000000759c00000, 0x0000000759c00000| Complete 
|1384|0x000000075a000000, 0x000000075a400000, 0x000000075a400000|100%| E|CS|TAMS 0x000000075a000000, 0x000000075a000000| Complete 
|1385|0x000000075a400000, 0x000000075a800000, 0x000000075a800000|100%| E|CS|TAMS 0x000000075a400000, 0x000000075a400000| Complete 
|1386|0x000000075a800000, 0x000000075ac00000, 0x000000075ac00000|100%| E|CS|TAMS 0x000000075a800000, 0x000000075a800000| Complete 
|1387|0x000000075ac00000, 0x000000075b000000, 0x000000075b000000|100%| E|CS|TAMS 0x000000075ac00000, 0x000000075ac00000| Complete 
|1388|0x000000075b000000, 0x000000075b400000, 0x000000075b400000|100%| E|CS|TAMS 0x000000075b000000, 0x000000075b000000| Complete 
|1389|0x000000075b400000, 0x000000075b800000, 0x000000075b800000|100%| E|CS|TAMS 0x000000075b400000, 0x000000075b400000| Complete 
|1390|0x000000075b800000, 0x000000075bc00000, 0x000000075bc00000|100%| E|CS|TAMS 0x000000075b800000, 0x000000075b800000| Complete 
|1391|0x000000075bc00000, 0x000000075c000000, 0x000000075c000000|100%| E|CS|TAMS 0x000000075bc00000, 0x000000075bc00000| Complete 
|1392|0x000000075c000000, 0x000000075c400000, 0x000000075c400000|100%| E|CS|TAMS 0x000000075c000000, 0x000000075c000000| Complete 
|1393|0x000000075c400000, 0x000000075c800000, 0x000000075c800000|100%| E|CS|TAMS 0x000000075c400000, 0x000000075c400000| Complete 
|1394|0x000000075c800000, 0x000000075cc00000, 0x000000075cc00000|100%| E|CS|TAMS 0x000000075c800000, 0x000000075c800000| Complete 
|1395|0x000000075cc00000, 0x000000075d000000, 0x000000075d000000|100%| E|CS|TAMS 0x000000075cc00000, 0x000000075cc00000| Complete 
|1396|0x000000075d000000, 0x000000075d400000, 0x000000075d400000|100%| E|CS|TAMS 0x000000075d000000, 0x000000075d000000| Complete 
|1397|0x000000075d400000, 0x000000075d800000, 0x000000075d800000|100%| E|CS|TAMS 0x000000075d400000, 0x000000075d400000| Complete 
|1398|0x000000075d800000, 0x000000075dc00000, 0x000000075dc00000|100%| E|CS|TAMS 0x000000075d800000, 0x000000075d800000| Complete 
|1399|0x000000075dc00000, 0x000000075e000000, 0x000000075e000000|100%| E|CS|TAMS 0x000000075dc00000, 0x000000075dc00000| Complete 
|1400|0x000000075e000000, 0x000000075e400000, 0x000000075e400000|100%| E|CS|TAMS 0x000000075e000000, 0x000000075e000000| Complete 
|1401|0x000000075e400000, 0x000000075e800000, 0x000000075e800000|100%| E|CS|TAMS 0x000000075e400000, 0x000000075e400000| Complete 
|1402|0x000000075e800000, 0x000000075ec00000, 0x000000075ec00000|100%| E|CS|TAMS 0x000000075e800000, 0x000000075e800000| Complete 
|1403|0x000000075ec00000, 0x000000075f000000, 0x000000075f000000|100%| E|CS|TAMS 0x000000075ec00000, 0x000000075ec00000| Complete 
|1404|0x000000075f000000, 0x000000075f400000, 0x000000075f400000|100%| E|CS|TAMS 0x000000075f000000, 0x000000075f000000| Complete 
|1405|0x000000075f400000, 0x000000075f800000, 0x000000075f800000|100%| E|CS|TAMS 0x000000075f400000, 0x000000075f400000| Complete 
|1406|0x000000075f800000, 0x000000075fc00000, 0x000000075fc00000|100%| E|CS|TAMS 0x000000075f800000, 0x000000075f800000| Complete 
|1407|0x000000075fc00000, 0x0000000760000000, 0x0000000760000000|100%| E|CS|TAMS 0x000000075fc00000, 0x000000075fc00000| Complete 
|1408|0x0000000760000000, 0x0000000760400000, 0x0000000760400000|100%| E|CS|TAMS 0x0000000760000000, 0x0000000760000000| Complete 
|1409|0x0000000760400000, 0x0000000760800000, 0x0000000760800000|100%| E|CS|TAMS 0x0000000760400000, 0x0000000760400000| Complete 
|1410|0x0000000760800000, 0x0000000760c00000, 0x0000000760c00000|100%| E|CS|TAMS 0x0000000760800000, 0x0000000760800000| Complete 
|1411|0x0000000760c00000, 0x0000000761000000, 0x0000000761000000|100%| E|CS|TAMS 0x0000000760c00000, 0x0000000760c00000| Complete 
|1412|0x0000000761000000, 0x0000000761400000, 0x0000000761400000|100%| E|CS|TAMS 0x0000000761000000, 0x0000000761000000| Complete 
|1413|0x0000000761400000, 0x0000000761800000, 0x0000000761800000|100%| E|CS|TAMS 0x0000000761400000, 0x0000000761400000| Complete 
|1414|0x0000000761800000, 0x0000000761c00000, 0x0000000761c00000|100%| E|CS|TAMS 0x0000000761800000, 0x0000000761800000| Complete 
|1415|0x0000000761c00000, 0x0000000762000000, 0x0000000762000000|100%| E|CS|TAMS 0x0000000761c00000, 0x0000000761c00000| Complete 
|1416|0x0000000762000000, 0x0000000762400000, 0x0000000762400000|100%| E|CS|TAMS 0x0000000762000000, 0x0000000762000000| Complete 
|1417|0x0000000762400000, 0x0000000762800000, 0x0000000762800000|100%| E|CS|TAMS 0x0000000762400000, 0x0000000762400000| Complete 
|1418|0x0000000762800000, 0x0000000762c00000, 0x0000000762c00000|100%| E|CS|TAMS 0x0000000762800000, 0x0000000762800000| Complete 
|1419|0x0000000762c00000, 0x0000000763000000, 0x0000000763000000|100%| E|CS|TAMS 0x0000000762c00000, 0x0000000762c00000| Complete 
|1420|0x0000000763000000, 0x0000000763400000, 0x0000000763400000|100%| E|CS|TAMS 0x0000000763000000, 0x0000000763000000| Complete 
|1421|0x0000000763400000, 0x0000000763800000, 0x0000000763800000|100%| E|CS|TAMS 0x0000000763400000, 0x0000000763400000| Complete 
|1422|0x0000000763800000, 0x0000000763c00000, 0x0000000763c00000|100%| E|CS|TAMS 0x0000000763800000, 0x0000000763800000| Complete 
|1423|0x0000000763c00000, 0x0000000764000000, 0x0000000764000000|100%| E|CS|TAMS 0x0000000763c00000, 0x0000000763c00000| Complete 
|1424|0x0000000764000000, 0x0000000764400000, 0x0000000764400000|100%| E|CS|TAMS 0x0000000764000000, 0x0000000764000000| Complete 
|1425|0x0000000764400000, 0x0000000764800000, 0x0000000764800000|100%| E|CS|TAMS 0x0000000764400000, 0x0000000764400000| Complete 
|1426|0x0000000764800000, 0x0000000764c00000, 0x0000000764c00000|100%| E|CS|TAMS 0x0000000764800000, 0x0000000764800000| Complete 
|1427|0x0000000764c00000, 0x0000000765000000, 0x0000000765000000|100%| E|CS|TAMS 0x0000000764c00000, 0x0000000764c00000| Complete 
|1428|0x0000000765000000, 0x0000000765400000, 0x0000000765400000|100%| E|CS|TAMS 0x0000000765000000, 0x0000000765000000| Complete 
|1429|0x0000000765400000, 0x0000000765800000, 0x0000000765800000|100%| E|CS|TAMS 0x0000000765400000, 0x0000000765400000| Complete 
|1430|0x0000000765800000, 0x0000000765c00000, 0x0000000765c00000|100%| E|CS|TAMS 0x0000000765800000, 0x0000000765800000| Complete 
|1431|0x0000000765c00000, 0x0000000766000000, 0x0000000766000000|100%| E|CS|TAMS 0x0000000765c00000, 0x0000000765c00000| Complete 
|1432|0x0000000766000000, 0x0000000766400000, 0x0000000766400000|100%| E|CS|TAMS 0x0000000766000000, 0x0000000766000000| Complete 
|1433|0x0000000766400000, 0x0000000766800000, 0x0000000766800000|100%| E|CS|TAMS 0x0000000766400000, 0x0000000766400000| Complete 
|1434|0x0000000766800000, 0x0000000766c00000, 0x0000000766c00000|100%| E|CS|TAMS 0x0000000766800000, 0x0000000766800000| Complete 
|1435|0x0000000766c00000, 0x0000000767000000, 0x0000000767000000|100%| E|CS|TAMS 0x0000000766c00000, 0x0000000766c00000| Complete 
|1436|0x0000000767000000, 0x0000000767400000, 0x0000000767400000|100%| E|CS|TAMS 0x0000000767000000, 0x0000000767000000| Complete 
|1437|0x0000000767400000, 0x0000000767800000, 0x0000000767800000|100%| E|CS|TAMS 0x0000000767400000, 0x0000000767400000| Complete 
|1438|0x0000000767800000, 0x0000000767c00000, 0x0000000767c00000|100%| E|CS|TAMS 0x0000000767800000, 0x0000000767800000| Complete 
|1439|0x0000000767c00000, 0x0000000768000000, 0x0000000768000000|100%| E|CS|TAMS 0x0000000767c00000, 0x0000000767c00000| Complete 
|1440|0x0000000768000000, 0x0000000768400000, 0x0000000768400000|100%| E|CS|TAMS 0x0000000768000000, 0x0000000768000000| Complete 
|1441|0x0000000768400000, 0x0000000768800000, 0x0000000768800000|100%| E|CS|TAMS 0x0000000768400000, 0x0000000768400000| Complete 
|1442|0x0000000768800000, 0x0000000768c00000, 0x0000000768c00000|100%| E|CS|TAMS 0x0000000768800000, 0x0000000768800000| Complete 
|1443|0x0000000768c00000, 0x0000000769000000, 0x0000000769000000|100%| E|CS|TAMS 0x0000000768c00000, 0x0000000768c00000| Complete 
|1444|0x0000000769000000, 0x0000000769400000, 0x0000000769400000|100%| E|CS|TAMS 0x0000000769000000, 0x0000000769000000| Complete 
|1445|0x0000000769400000, 0x0000000769800000, 0x0000000769800000|100%| E|CS|TAMS 0x0000000769400000, 0x0000000769400000| Complete 
|1446|0x0000000769800000, 0x0000000769c00000, 0x0000000769c00000|100%| E|CS|TAMS 0x0000000769800000, 0x0000000769800000| Complete 
|1447|0x0000000769c00000, 0x000000076a000000, 0x000000076a000000|100%| E|CS|TAMS 0x0000000769c00000, 0x0000000769c00000| Complete 
|1448|0x000000076a000000, 0x000000076a400000, 0x000000076a400000|100%| E|CS|TAMS 0x000000076a000000, 0x000000076a000000| Complete 
|1449|0x000000076a400000, 0x000000076a800000, 0x000000076a800000|100%| E|CS|TAMS 0x000000076a400000, 0x000000076a400000| Complete 
|1450|0x000000076a800000, 0x000000076ac00000, 0x000000076ac00000|100%| E|CS|TAMS 0x000000076a800000, 0x000000076a800000| Complete 
|1451|0x000000076ac00000, 0x000000076b000000, 0x000000076b000000|100%| E|CS|TAMS 0x000000076ac00000, 0x000000076ac00000| Complete 
|1452|0x000000076b000000, 0x000000076b400000, 0x000000076b400000|100%| E|CS|TAMS 0x000000076b000000, 0x000000076b000000| Complete 
|1453|0x000000076b400000, 0x000000076b800000, 0x000000076b800000|100%| E|CS|TAMS 0x000000076b400000, 0x000000076b400000| Complete 
|1454|0x000000076b800000, 0x000000076bc00000, 0x000000076bc00000|100%| E|CS|TAMS 0x000000076b800000, 0x000000076b800000| Complete 
|1455|0x000000076bc00000, 0x000000076c000000, 0x000000076c000000|100%| E|CS|TAMS 0x000000076bc00000, 0x000000076bc00000| Complete 
|1456|0x000000076c000000, 0x000000076c400000, 0x000000076c400000|100%| E|CS|TAMS 0x000000076c000000, 0x000000076c000000| Complete 
|1457|0x000000076c400000, 0x000000076c800000, 0x000000076c800000|100%| E|CS|TAMS 0x000000076c400000, 0x000000076c400000| Complete 
|1458|0x000000076c800000, 0x000000076cc00000, 0x000000076cc00000|100%| E|CS|TAMS 0x000000076c800000, 0x000000076c800000| Complete 
|1459|0x000000076cc00000, 0x000000076d000000, 0x000000076d000000|100%| E|CS|TAMS 0x000000076cc00000, 0x000000076cc00000| Complete 
|1460|0x000000076d000000, 0x000000076d400000, 0x000000076d400000|100%| E|CS|TAMS 0x000000076d000000, 0x000000076d000000| Complete 
|1461|0x000000076d400000, 0x000000076d800000, 0x000000076d800000|100%| E|CS|TAMS 0x000000076d400000, 0x000000076d400000| Complete 
|1462|0x000000076d800000, 0x000000076dc00000, 0x000000076dc00000|100%| E|CS|TAMS 0x000000076d800000, 0x000000076d800000| Complete 
|1463|0x000000076dc00000, 0x000000076e000000, 0x000000076e000000|100%| E|CS|TAMS 0x000000076dc00000, 0x000000076dc00000| Complete 
|1464|0x000000076e000000, 0x000000076e400000, 0x000000076e400000|100%| E|CS|TAMS 0x000000076e000000, 0x000000076e000000| Complete 
|1465|0x000000076e400000, 0x000000076e800000, 0x000000076e800000|100%| E|CS|TAMS 0x000000076e400000, 0x000000076e400000| Complete 
|1466|0x000000076e800000, 0x000000076ec00000, 0x000000076ec00000|100%| E|CS|TAMS 0x000000076e800000, 0x000000076e800000| Complete 
|1467|0x000000076ec00000, 0x000000076f000000, 0x000000076f000000|100%| E|CS|TAMS 0x000000076ec00000, 0x000000076ec00000| Complete 
|1468|0x000000076f000000, 0x000000076f400000, 0x000000076f400000|100%| E|CS|TAMS 0x000000076f000000, 0x000000076f000000| Complete 
|1469|0x000000076f400000, 0x000000076f800000, 0x000000076f800000|100%| E|CS|TAMS 0x000000076f400000, 0x000000076f400000| Complete 
|1470|0x000000076f800000, 0x000000076fc00000, 0x000000076fc00000|100%| E|CS|TAMS 0x000000076f800000, 0x000000076f800000| Complete 
|1471|0x000000076fc00000, 0x0000000770000000, 0x0000000770000000|100%| E|CS|TAMS 0x000000076fc00000, 0x000000076fc00000| Complete 
|1472|0x0000000770000000, 0x0000000770400000, 0x0000000770400000|100%| E|CS|TAMS 0x0000000770000000, 0x0000000770000000| Complete 
|1473|0x0000000770400000, 0x0000000770800000, 0x0000000770800000|100%| E|CS|TAMS 0x0000000770400000, 0x0000000770400000| Complete 
|1474|0x0000000770800000, 0x0000000770c00000, 0x0000000770c00000|100%| E|CS|TAMS 0x0000000770800000, 0x0000000770800000| Complete 
|1475|0x0000000770c00000, 0x0000000771000000, 0x0000000771000000|100%| E|CS|TAMS 0x0000000770c00000, 0x0000000770c00000| Complete 
|1476|0x0000000771000000, 0x0000000771400000, 0x0000000771400000|100%| E|CS|TAMS 0x0000000771000000, 0x0000000771000000| Complete 
|1477|0x0000000771400000, 0x0000000771800000, 0x0000000771800000|100%| E|CS|TAMS 0x0000000771400000, 0x0000000771400000| Complete 
|1478|0x0000000771800000, 0x0000000771c00000, 0x0000000771c00000|100%| E|CS|TAMS 0x0000000771800000, 0x0000000771800000| Complete 
|1479|0x0000000771c00000, 0x0000000772000000, 0x0000000772000000|100%| E|CS|TAMS 0x0000000771c00000, 0x0000000771c00000| Complete 
|1480|0x0000000772000000, 0x0000000772400000, 0x0000000772400000|100%| E|CS|TAMS 0x0000000772000000, 0x0000000772000000| Complete 
|1481|0x0000000772400000, 0x0000000772800000, 0x0000000772800000|100%| E|CS|TAMS 0x0000000772400000, 0x0000000772400000| Complete 
|1482|0x0000000772800000, 0x0000000772c00000, 0x0000000772c00000|100%| E|CS|TAMS 0x0000000772800000, 0x0000000772800000| Complete 
|1483|0x0000000772c00000, 0x0000000773000000, 0x0000000773000000|100%| E|CS|TAMS 0x0000000772c00000, 0x0000000772c00000| Complete 
|1484|0x0000000773000000, 0x0000000773400000, 0x0000000773400000|100%| E|CS|TAMS 0x0000000773000000, 0x0000000773000000| Complete 
|1485|0x0000000773400000, 0x0000000773800000, 0x0000000773800000|100%| E|CS|TAMS 0x0000000773400000, 0x0000000773400000| Complete 
|1486|0x0000000773800000, 0x0000000773c00000, 0x0000000773c00000|100%| E|CS|TAMS 0x0000000773800000, 0x0000000773800000| Complete 
|1487|0x0000000773c00000, 0x0000000774000000, 0x0000000774000000|100%| E|CS|TAMS 0x0000000773c00000, 0x0000000773c00000| Complete 
|1488|0x0000000774000000, 0x0000000774400000, 0x0000000774400000|100%| E|CS|TAMS 0x0000000774000000, 0x0000000774000000| Complete 
|1489|0x0000000774400000, 0x0000000774800000, 0x0000000774800000|100%| E|CS|TAMS 0x0000000774400000, 0x0000000774400000| Complete 
|1490|0x0000000774800000, 0x0000000774c00000, 0x0000000774c00000|100%| E|CS|TAMS 0x0000000774800000, 0x0000000774800000| Complete 
|1491|0x0000000774c00000, 0x0000000775000000, 0x0000000775000000|100%| E|CS|TAMS 0x0000000774c00000, 0x0000000774c00000| Complete 
|1492|0x0000000775000000, 0x0000000775400000, 0x0000000775400000|100%| E|CS|TAMS 0x0000000775000000, 0x0000000775000000| Complete 
|1493|0x0000000775400000, 0x0000000775800000, 0x0000000775800000|100%| E|CS|TAMS 0x0000000775400000, 0x0000000775400000| Complete 
|1494|0x0000000775800000, 0x0000000775c00000, 0x0000000775c00000|100%| E|CS|TAMS 0x0000000775800000, 0x0000000775800000| Complete 
|1495|0x0000000775c00000, 0x0000000776000000, 0x0000000776000000|100%| E|CS|TAMS 0x0000000775c00000, 0x0000000775c00000| Complete 
|1496|0x0000000776000000, 0x0000000776400000, 0x0000000776400000|100%| E|CS|TAMS 0x0000000776000000, 0x0000000776000000| Complete 
|1497|0x0000000776400000, 0x0000000776800000, 0x0000000776800000|100%| E|CS|TAMS 0x0000000776400000, 0x0000000776400000| Complete 
|1498|0x0000000776800000, 0x0000000776c00000, 0x0000000776c00000|100%| E|CS|TAMS 0x0000000776800000, 0x0000000776800000| Complete 
|1499|0x0000000776c00000, 0x0000000777000000, 0x0000000777000000|100%| E|CS|TAMS 0x0000000776c00000, 0x0000000776c00000| Complete 
|1500|0x0000000777000000, 0x0000000777400000, 0x0000000777400000|100%| E|CS|TAMS 0x0000000777000000, 0x0000000777000000| Complete 
|1501|0x0000000777400000, 0x0000000777800000, 0x0000000777800000|100%| E|CS|TAMS 0x0000000777400000, 0x0000000777400000| Complete 
|1502|0x0000000777800000, 0x0000000777c00000, 0x0000000777c00000|100%| E|CS|TAMS 0x0000000777800000, 0x0000000777800000| Complete 
|1503|0x0000000777c00000, 0x0000000778000000, 0x0000000778000000|100%| E|CS|TAMS 0x0000000777c00000, 0x0000000777c00000| Complete 
|1504|0x0000000778000000, 0x0000000778400000, 0x0000000778400000|100%| E|CS|TAMS 0x0000000778000000, 0x0000000778000000| Complete 
|1505|0x0000000778400000, 0x0000000778800000, 0x0000000778800000|100%| E|CS|TAMS 0x0000000778400000, 0x0000000778400000| Complete 
|1506|0x0000000778800000, 0x0000000778c00000, 0x0000000778c00000|100%| E|CS|TAMS 0x0000000778800000, 0x0000000778800000| Complete 
|1507|0x0000000778c00000, 0x0000000779000000, 0x0000000779000000|100%| E|CS|TAMS 0x0000000778c00000, 0x0000000778c00000| Complete 
|1508|0x0000000779000000, 0x0000000779400000, 0x0000000779400000|100%| E|CS|TAMS 0x0000000779000000, 0x0000000779000000| Complete 
|1509|0x0000000779400000, 0x0000000779800000, 0x0000000779800000|100%| E|CS|TAMS 0x0000000779400000, 0x0000000779400000| Complete 
|1510|0x0000000779800000, 0x0000000779c00000, 0x0000000779c00000|100%| E|CS|TAMS 0x0000000779800000, 0x0000000779800000| Complete 
|1511|0x0000000779c00000, 0x000000077a000000, 0x000000077a000000|100%| E|CS|TAMS 0x0000000779c00000, 0x0000000779c00000| Complete 
|1512|0x000000077a000000, 0x000000077a400000, 0x000000077a400000|100%| E|CS|TAMS 0x000000077a000000, 0x000000077a000000| Complete 
|1513|0x000000077a400000, 0x000000077a800000, 0x000000077a800000|100%| E|CS|TAMS 0x000000077a400000, 0x000000077a400000| Complete 
|1514|0x000000077a800000, 0x000000077ac00000, 0x000000077ac00000|100%| E|CS|TAMS 0x000000077a800000, 0x000000077a800000| Complete 
|1515|0x000000077ac00000, 0x000000077b000000, 0x000000077b000000|100%| E|CS|TAMS 0x000000077ac00000, 0x000000077ac00000| Complete 
|1516|0x000000077b000000, 0x000000077b400000, 0x000000077b400000|100%| E|CS|TAMS 0x000000077b000000, 0x000000077b000000| Complete 
|1517|0x000000077b400000, 0x000000077b800000, 0x000000077b800000|100%| E|CS|TAMS 0x000000077b400000, 0x000000077b400000| Complete 
|1518|0x000000077b800000, 0x000000077bc00000, 0x000000077bc00000|100%| E|CS|TAMS 0x000000077b800000, 0x000000077b800000| Complete 
|1519|0x000000077bc00000, 0x000000077c000000, 0x000000077c000000|100%| E|CS|TAMS 0x000000077bc00000, 0x000000077bc00000| Complete 
|1520|0x000000077c000000, 0x000000077c400000, 0x000000077c400000|100%| E|CS|TAMS 0x000000077c000000, 0x000000077c000000| Complete 
|1521|0x000000077c400000, 0x000000077c800000, 0x000000077c800000|100%| E|CS|TAMS 0x000000077c400000, 0x000000077c400000| Complete 
|1522|0x000000077c800000, 0x000000077cc00000, 0x000000077cc00000|100%| E|CS|TAMS 0x000000077c800000, 0x000000077c800000| Complete 
|1523|0x000000077cc00000, 0x000000077d000000, 0x000000077d000000|100%| E|CS|TAMS 0x000000077cc00000, 0x000000077cc00000| Complete 
|1524|0x000000077d000000, 0x000000077d400000, 0x000000077d400000|100%| E|CS|TAMS 0x000000077d000000, 0x000000077d000000| Complete 
|1525|0x000000077d400000, 0x000000077d800000, 0x000000077d800000|100%| E|  |TAMS 0x000000077d400000, 0x000000077d400000| Complete 
|1526|0x000000077d800000, 0x000000077dc00000, 0x000000077dc00000|100%| E|CS|TAMS 0x000000077d800000, 0x000000077d800000| Complete 
|1527|0x000000077dc00000, 0x000000077e000000, 0x000000077e000000|100%| E|CS|TAMS 0x000000077dc00000, 0x000000077dc00000| Complete 
|1528|0x000000077e000000, 0x000000077e400000, 0x000000077e400000|100%| E|CS|TAMS 0x000000077e000000, 0x000000077e000000| Complete 
|1529|0x000000077e400000, 0x000000077e800000, 0x000000077e800000|100%| E|CS|TAMS 0x000000077e400000, 0x000000077e400000| Complete 
|1530|0x000000077e800000, 0x000000077ec00000, 0x000000077ec00000|100%| E|CS|TAMS 0x000000077e800000, 0x000000077e800000| Complete 
|1531|0x000000077ec00000, 0x000000077f000000, 0x000000077f000000|100%| E|CS|TAMS 0x000000077ec00000, 0x000000077ec00000| Complete 
|1532|0x000000077f000000, 0x000000077f400000, 0x000000077f400000|100%| E|CS|TAMS 0x000000077f000000, 0x000000077f000000| Complete 
|1533|0x000000077f400000, 0x000000077f800000, 0x000000077f800000|100%| E|CS|TAMS 0x000000077f400000, 0x000000077f400000| Complete 
|1534|0x000000077f800000, 0x000000077fc00000, 0x000000077fc00000|100%| E|CS|TAMS 0x000000077f800000, 0x000000077f800000| Complete 
|1535|0x000000077fc00000, 0x0000000780000000, 0x0000000780000000|100%| E|CS|TAMS 0x000000077fc00000, 0x000000077fc00000| Complete 
|1536|0x0000000780000000, 0x0000000780400000, 0x0000000780400000|100%| E|CS|TAMS 0x0000000780000000, 0x0000000780000000| Complete 
|1537|0x0000000780400000, 0x0000000780800000, 0x0000000780800000|100%| E|CS|TAMS 0x0000000780400000, 0x0000000780400000| Complete 
|1538|0x0000000780800000, 0x0000000780c00000, 0x0000000780c00000|100%| E|CS|TAMS 0x0000000780800000, 0x0000000780800000| Complete 
|1539|0x0000000780c00000, 0x0000000781000000, 0x0000000781000000|100%| E|CS|TAMS 0x0000000780c00000, 0x0000000780c00000| Complete 
|1540|0x0000000781000000, 0x0000000781400000, 0x0000000781400000|100%| E|CS|TAMS 0x0000000781000000, 0x0000000781000000| Complete 
|1541|0x0000000781400000, 0x0000000781800000, 0x0000000781800000|100%| E|CS|TAMS 0x0000000781400000, 0x0000000781400000| Complete 
|1542|0x0000000781800000, 0x0000000781c00000, 0x0000000781c00000|100%| E|CS|TAMS 0x0000000781800000, 0x0000000781800000| Complete 
|1543|0x0000000781c00000, 0x0000000782000000, 0x0000000782000000|100%| E|CS|TAMS 0x0000000781c00000, 0x0000000781c00000| Complete 
|1544|0x0000000782000000, 0x0000000782400000, 0x0000000782400000|100%| E|CS|TAMS 0x0000000782000000, 0x0000000782000000| Complete 
|1545|0x0000000782400000, 0x0000000782800000, 0x0000000782800000|100%| E|CS|TAMS 0x0000000782400000, 0x0000000782400000| Complete 
|1546|0x0000000782800000, 0x0000000782c00000, 0x0000000782c00000|100%| E|CS|TAMS 0x0000000782800000, 0x0000000782800000| Complete 
|1547|0x0000000782c00000, 0x0000000783000000, 0x0000000783000000|100%| E|CS|TAMS 0x0000000782c00000, 0x0000000782c00000| Complete 
|1548|0x0000000783000000, 0x0000000783400000, 0x0000000783400000|100%| E|CS|TAMS 0x0000000783000000, 0x0000000783000000| Complete 
|1549|0x0000000783400000, 0x0000000783800000, 0x0000000783800000|100%| E|CS|TAMS 0x0000000783400000, 0x0000000783400000| Complete 
|1550|0x0000000783800000, 0x0000000783c00000, 0x0000000783c00000|100%| E|CS|TAMS 0x0000000783800000, 0x0000000783800000| Complete 
|1551|0x0000000783c00000, 0x0000000784000000, 0x0000000784000000|100%| E|CS|TAMS 0x0000000783c00000, 0x0000000783c00000| Complete 
|1552|0x0000000784000000, 0x0000000784400000, 0x0000000784400000|100%| E|CS|TAMS 0x0000000784000000, 0x0000000784000000| Complete 
|1553|0x0000000784400000, 0x0000000784800000, 0x0000000784800000|100%| E|CS|TAMS 0x0000000784400000, 0x0000000784400000| Complete 
|1554|0x0000000784800000, 0x0000000784c00000, 0x0000000784c00000|100%| E|CS|TAMS 0x0000000784800000, 0x0000000784800000| Complete 
|1555|0x0000000784c00000, 0x0000000785000000, 0x0000000785000000|100%| E|CS|TAMS 0x0000000784c00000, 0x0000000784c00000| Complete 
|1556|0x0000000785000000, 0x0000000785400000, 0x0000000785400000|100%| E|CS|TAMS 0x0000000785000000, 0x0000000785000000| Complete 
|1557|0x0000000785400000, 0x0000000785800000, 0x0000000785800000|100%| E|CS|TAMS 0x0000000785400000, 0x0000000785400000| Complete 
|1558|0x0000000785800000, 0x0000000785c00000, 0x0000000785c00000|100%| E|CS|TAMS 0x0000000785800000, 0x0000000785800000| Complete 
|1559|0x0000000785c00000, 0x0000000786000000, 0x0000000786000000|100%| E|CS|TAMS 0x0000000785c00000, 0x0000000785c00000| Complete 
|1560|0x0000000786000000, 0x0000000786400000, 0x0000000786400000|100%| E|CS|TAMS 0x0000000786000000, 0x0000000786000000| Complete 
|1561|0x0000000786400000, 0x0000000786800000, 0x0000000786800000|100%| E|CS|TAMS 0x0000000786400000, 0x0000000786400000| Complete 
|1562|0x0000000786800000, 0x0000000786c00000, 0x0000000786c00000|100%| E|CS|TAMS 0x0000000786800000, 0x0000000786800000| Complete 
|1563|0x0000000786c00000, 0x0000000787000000, 0x0000000787000000|100%| E|CS|TAMS 0x0000000786c00000, 0x0000000786c00000| Complete 
|1564|0x0000000787000000, 0x0000000787400000, 0x0000000787400000|100%| E|CS|TAMS 0x0000000787000000, 0x0000000787000000| Complete 
|1565|0x0000000787400000, 0x0000000787800000, 0x0000000787800000|100%| E|CS|TAMS 0x0000000787400000, 0x0000000787400000| Complete 
|1566|0x0000000787800000, 0x0000000787c00000, 0x0000000787c00000|100%| E|CS|TAMS 0x0000000787800000, 0x0000000787800000| Complete 
|1567|0x0000000787c00000, 0x0000000788000000, 0x0000000788000000|100%| E|CS|TAMS 0x0000000787c00000, 0x0000000787c00000| Complete 
|1568|0x0000000788000000, 0x0000000788400000, 0x0000000788400000|100%| E|CS|TAMS 0x0000000788000000, 0x0000000788000000| Complete 
|1569|0x0000000788400000, 0x0000000788800000, 0x0000000788800000|100%| E|CS|TAMS 0x0000000788400000, 0x0000000788400000| Complete 
|1570|0x0000000788800000, 0x0000000788c00000, 0x0000000788c00000|100%| E|CS|TAMS 0x0000000788800000, 0x0000000788800000| Complete 
|1571|0x0000000788c00000, 0x0000000789000000, 0x0000000789000000|100%| E|CS|TAMS 0x0000000788c00000, 0x0000000788c00000| Complete 
|1572|0x0000000789000000, 0x0000000789400000, 0x0000000789400000|100%| E|CS|TAMS 0x0000000789000000, 0x0000000789000000| Complete 
|1573|0x0000000789400000, 0x0000000789800000, 0x0000000789800000|100%| E|CS|TAMS 0x0000000789400000, 0x0000000789400000| Complete 
|1574|0x0000000789800000, 0x0000000789c00000, 0x0000000789c00000|100%| E|CS|TAMS 0x0000000789800000, 0x0000000789800000| Complete 
|1575|0x0000000789c00000, 0x000000078a000000, 0x000000078a000000|100%| E|CS|TAMS 0x0000000789c00000, 0x0000000789c00000| Complete 
|1576|0x000000078a000000, 0x000000078a400000, 0x000000078a400000|100%| E|CS|TAMS 0x000000078a000000, 0x000000078a000000| Complete 
|1577|0x000000078a400000, 0x000000078a800000, 0x000000078a800000|100%| E|CS|TAMS 0x000000078a400000, 0x000000078a400000| Complete 
|1578|0x000000078a800000, 0x000000078ac00000, 0x000000078ac00000|100%| E|CS|TAMS 0x000000078a800000, 0x000000078a800000| Complete 
|1579|0x000000078ac00000, 0x000000078b000000, 0x000000078b000000|100%| E|CS|TAMS 0x000000078ac00000, 0x000000078ac00000| Complete 
|1580|0x000000078b000000, 0x000000078b400000, 0x000000078b400000|100%| E|CS|TAMS 0x000000078b000000, 0x000000078b000000| Complete 
|1581|0x000000078b400000, 0x000000078b800000, 0x000000078b800000|100%| E|CS|TAMS 0x000000078b400000, 0x000000078b400000| Complete 
|1582|0x000000078b800000, 0x000000078bc00000, 0x000000078bc00000|100%| E|CS|TAMS 0x000000078b800000, 0x000000078b800000| Complete 
|1583|0x000000078bc00000, 0x000000078c000000, 0x000000078c000000|100%| E|CS|TAMS 0x000000078bc00000, 0x000000078bc00000| Complete 
|1584|0x000000078c000000, 0x000000078c400000, 0x000000078c400000|100%| E|CS|TAMS 0x000000078c000000, 0x000000078c000000| Complete 
|1585|0x000000078c400000, 0x000000078c800000, 0x000000078c800000|100%| E|CS|TAMS 0x000000078c400000, 0x000000078c400000| Complete 
|1586|0x000000078c800000, 0x000000078cc00000, 0x000000078cc00000|100%| E|CS|TAMS 0x000000078c800000, 0x000000078c800000| Complete 
|1587|0x000000078cc00000, 0x000000078d000000, 0x000000078d000000|100%| E|CS|TAMS 0x000000078cc00000, 0x000000078cc00000| Complete 
|1588|0x000000078d000000, 0x000000078d400000, 0x000000078d400000|100%| E|CS|TAMS 0x000000078d000000, 0x000000078d000000| Complete 
|1589|0x000000078d400000, 0x000000078d800000, 0x000000078d800000|100%| E|CS|TAMS 0x000000078d400000, 0x000000078d400000| Complete 
|1590|0x000000078d800000, 0x000000078dc00000, 0x000000078dc00000|100%| E|CS|TAMS 0x000000078d800000, 0x000000078d800000| Complete 
|1591|0x000000078dc00000, 0x000000078e000000, 0x000000078e000000|100%| E|CS|TAMS 0x000000078dc00000, 0x000000078dc00000| Complete 
|1592|0x000000078e000000, 0x000000078e400000, 0x000000078e400000|100%| E|CS|TAMS 0x000000078e000000, 0x000000078e000000| Complete 
|1593|0x000000078e400000, 0x000000078e800000, 0x000000078e800000|100%| E|CS|TAMS 0x000000078e400000, 0x000000078e400000| Complete 
|1594|0x000000078e800000, 0x000000078ec00000, 0x000000078ec00000|100%| E|CS|TAMS 0x000000078e800000, 0x000000078e800000| Complete 
|1595|0x000000078ec00000, 0x000000078f000000, 0x000000078f000000|100%| E|CS|TAMS 0x000000078ec00000, 0x000000078ec00000| Complete 
|1596|0x000000078f000000, 0x000000078f400000, 0x000000078f400000|100%| E|CS|TAMS 0x000000078f000000, 0x000000078f000000| Complete 
|1597|0x000000078f400000, 0x000000078f800000, 0x000000078f800000|100%| E|CS|TAMS 0x000000078f400000, 0x000000078f400000| Complete 
|1598|0x000000078f800000, 0x000000078fc00000, 0x000000078fc00000|100%| E|CS|TAMS 0x000000078f800000, 0x000000078f800000| Complete 
|1599|0x000000078fc00000, 0x0000000790000000, 0x0000000790000000|100%| E|CS|TAMS 0x000000078fc00000, 0x000000078fc00000| Complete 
|1600|0x0000000790000000, 0x0000000790400000, 0x0000000790400000|100%| E|CS|TAMS 0x0000000790000000, 0x0000000790000000| Complete 
|1601|0x0000000790400000, 0x0000000790800000, 0x0000000790800000|100%| E|CS|TAMS 0x0000000790400000, 0x0000000790400000| Complete 
|1602|0x0000000790800000, 0x0000000790c00000, 0x0000000790c00000|100%| E|CS|TAMS 0x0000000790800000, 0x0000000790800000| Complete 
|1603|0x0000000790c00000, 0x0000000791000000, 0x0000000791000000|100%| E|CS|TAMS 0x0000000790c00000, 0x0000000790c00000| Complete 
|1604|0x0000000791000000, 0x0000000791400000, 0x0000000791400000|100%| E|CS|TAMS 0x0000000791000000, 0x0000000791000000| Complete 
|1605|0x0000000791400000, 0x0000000791800000, 0x0000000791800000|100%| E|CS|TAMS 0x0000000791400000, 0x0000000791400000| Complete 
|1606|0x0000000791800000, 0x0000000791c00000, 0x0000000791c00000|100%| E|CS|TAMS 0x0000000791800000, 0x0000000791800000| Complete 
|1607|0x0000000791c00000, 0x0000000792000000, 0x0000000792000000|100%| E|CS|TAMS 0x0000000791c00000, 0x0000000791c00000| Complete 
|1608|0x0000000792000000, 0x0000000792400000, 0x0000000792400000|100%| E|CS|TAMS 0x0000000792000000, 0x0000000792000000| Complete 
|1609|0x0000000792400000, 0x0000000792800000, 0x0000000792800000|100%| E|CS|TAMS 0x0000000792400000, 0x0000000792400000| Complete 
|1610|0x0000000792800000, 0x0000000792c00000, 0x0000000792c00000|100%| E|CS|TAMS 0x0000000792800000, 0x0000000792800000| Complete 
|1611|0x0000000792c00000, 0x0000000793000000, 0x0000000793000000|100%| E|CS|TAMS 0x0000000792c00000, 0x0000000792c00000| Complete 
|1612|0x0000000793000000, 0x0000000793400000, 0x0000000793400000|100%| E|CS|TAMS 0x0000000793000000, 0x0000000793000000| Complete 
|1613|0x0000000793400000, 0x0000000793800000, 0x0000000793800000|100%| E|CS|TAMS 0x0000000793400000, 0x0000000793400000| Complete 
|1614|0x0000000793800000, 0x0000000793c00000, 0x0000000793c00000|100%| E|CS|TAMS 0x0000000793800000, 0x0000000793800000| Complete 
|1615|0x0000000793c00000, 0x0000000794000000, 0x0000000794000000|100%| E|CS|TAMS 0x0000000793c00000, 0x0000000793c00000| Complete 
|1616|0x0000000794000000, 0x0000000794400000, 0x0000000794400000|100%| E|CS|TAMS 0x0000000794000000, 0x0000000794000000| Complete 
|1617|0x0000000794400000, 0x0000000794800000, 0x0000000794800000|100%| E|CS|TAMS 0x0000000794400000, 0x0000000794400000| Complete 
|1618|0x0000000794800000, 0x0000000794c00000, 0x0000000794c00000|100%| E|CS|TAMS 0x0000000794800000, 0x0000000794800000| Complete 
|1619|0x0000000794c00000, 0x0000000795000000, 0x0000000795000000|100%| E|CS|TAMS 0x0000000794c00000, 0x0000000794c00000| Complete 
|1620|0x0000000795000000, 0x0000000795400000, 0x0000000795400000|100%| E|CS|TAMS 0x0000000795000000, 0x0000000795000000| Complete 
|1621|0x0000000795400000, 0x0000000795800000, 0x0000000795800000|100%| E|CS|TAMS 0x0000000795400000, 0x0000000795400000| Complete 
|1622|0x0000000795800000, 0x0000000795c00000, 0x0000000795c00000|100%| E|CS|TAMS 0x0000000795800000, 0x0000000795800000| Complete 
|1623|0x0000000795c00000, 0x0000000796000000, 0x0000000796000000|100%| E|CS|TAMS 0x0000000795c00000, 0x0000000795c00000| Complete 
|1624|0x0000000796000000, 0x0000000796400000, 0x0000000796400000|100%| E|CS|TAMS 0x0000000796000000, 0x0000000796000000| Complete 
|1625|0x0000000796400000, 0x0000000796800000, 0x0000000796800000|100%| E|CS|TAMS 0x0000000796400000, 0x0000000796400000| Complete 
|1626|0x0000000796800000, 0x0000000796c00000, 0x0000000796c00000|100%| E|CS|TAMS 0x0000000796800000, 0x0000000796800000| Complete 
|1627|0x0000000796c00000, 0x0000000797000000, 0x0000000797000000|100%| E|CS|TAMS 0x0000000796c00000, 0x0000000796c00000| Complete 
|1628|0x0000000797000000, 0x0000000797400000, 0x0000000797400000|100%| E|CS|TAMS 0x0000000797000000, 0x0000000797000000| Complete 
|1629|0x0000000797400000, 0x0000000797800000, 0x0000000797800000|100%| E|CS|TAMS 0x0000000797400000, 0x0000000797400000| Complete 
|1630|0x0000000797800000, 0x0000000797c00000, 0x0000000797c00000|100%| E|CS|TAMS 0x0000000797800000, 0x0000000797800000| Complete 
|1631|0x0000000797c00000, 0x0000000798000000, 0x0000000798000000|100%| E|CS|TAMS 0x0000000797c00000, 0x0000000797c00000| Complete 
|1632|0x0000000798000000, 0x0000000798400000, 0x0000000798400000|100%| E|CS|TAMS 0x0000000798000000, 0x0000000798000000| Complete 
|1633|0x0000000798400000, 0x0000000798800000, 0x0000000798800000|100%| E|CS|TAMS 0x0000000798400000, 0x0000000798400000| Complete 
|1634|0x0000000798800000, 0x0000000798c00000, 0x0000000798c00000|100%| E|CS|TAMS 0x0000000798800000, 0x0000000798800000| Complete 
|1635|0x0000000798c00000, 0x0000000799000000, 0x0000000799000000|100%| E|CS|TAMS 0x0000000798c00000, 0x0000000798c00000| Complete 
|1636|0x0000000799000000, 0x0000000799400000, 0x0000000799400000|100%| E|CS|TAMS 0x0000000799000000, 0x0000000799000000| Complete 
|1637|0x0000000799400000, 0x0000000799800000, 0x0000000799800000|100%| E|CS|TAMS 0x0000000799400000, 0x0000000799400000| Complete 
|1638|0x0000000799800000, 0x0000000799c00000, 0x0000000799c00000|100%| E|CS|TAMS 0x0000000799800000, 0x0000000799800000| Complete 
|1639|0x0000000799c00000, 0x000000079a000000, 0x000000079a000000|100%| E|CS|TAMS 0x0000000799c00000, 0x0000000799c00000| Complete 
|1640|0x000000079a000000, 0x000000079a400000, 0x000000079a400000|100%| E|CS|TAMS 0x000000079a000000, 0x000000079a000000| Complete 
|1641|0x000000079a400000, 0x000000079a800000, 0x000000079a800000|100%| E|CS|TAMS 0x000000079a400000, 0x000000079a400000| Complete 
|1642|0x000000079a800000, 0x000000079ac00000, 0x000000079ac00000|100%| E|CS|TAMS 0x000000079a800000, 0x000000079a800000| Complete 
|1643|0x000000079ac00000, 0x000000079b000000, 0x000000079b000000|100%| E|CS|TAMS 0x000000079ac00000, 0x000000079ac00000| Complete 
|1644|0x000000079b000000, 0x000000079b400000, 0x000000079b400000|100%| E|CS|TAMS 0x000000079b000000, 0x000000079b000000| Complete 
|1645|0x000000079b400000, 0x000000079b800000, 0x000000079b800000|100%| E|CS|TAMS 0x000000079b400000, 0x000000079b400000| Complete 
|1646|0x000000079b800000, 0x000000079bc00000, 0x000000079bc00000|100%| E|CS|TAMS 0x000000079b800000, 0x000000079b800000| Complete 
|1647|0x000000079bc00000, 0x000000079c000000, 0x000000079c000000|100%| E|CS|TAMS 0x000000079bc00000, 0x000000079bc00000| Complete 

Card table byte_map: [0x00000252b7190000,0x00000252b8190000] _byte_map_base: 0x00000252b4190000

Marking Bits (Prev, Next): (CMBitMap*) 0x000002528e3be010, (CMBitMap*) 0x000002528e3be050
 Prev Bits: [0x00000252b9190000, 0x00000252c1190000)
 Next Bits: [0x00000252c1190000, 0x00000252c9190000)

Polling page: 0x000002528c240000

Metaspace:

Usage:
  Non-class:    397.06 MB used.
      Class:     55.35 MB used.
       Both:    452.41 MB used.

Virtual space:
  Non-class space:      448.00 MB reserved,     399.00 MB ( 89%) committed,  7 nodes.
      Class space:        1.00 GB reserved,      57.31 MB (  6%) committed,  1 nodes.
             Both:        1.44 GB reserved,     456.31 MB ( 31%) committed. 

Chunk freelists:
   Non-Class:  368.00 KB
       Class:  2.63 MB
        Both:  2.99 MB

MaxMetaspaceSize: 4.00 GB
CompressedClassSpaceSize: 1.00 GB
Initial GC threshold: 21.00 MB
Current GC threshold: 601.06 MB
CDS: on
MetaspaceReclaimPolicy: balanced
 - commit_granule_bytes: 65536.
 - commit_granule_words: 8192.
 - virtual_space_node_default_size: 8388608.
 - enlarge_chunks_in_place: 1.
 - new_chunks_are_fully_committed: 0.
 - uncommit_free_chunks: 1.
 - use_allocation_guard: 0.


Internal statistics:

num_allocs_failed_limit: 24.
num_arena_births: 11894.
num_arena_deaths: 4928.
num_vsnodes_births: 8.
num_vsnodes_deaths: 0.
num_space_committed: 7312.
num_space_uncommitted: 15.
num_chunks_returned_to_freelist: 6419.
num_chunks_taken_from_freelist: 35917.
num_chunk_merges: 1808.
num_chunk_splits: 22285.
num_chunks_enlarged: 14759.
num_inconsistent_stats: 0.

CodeHeap 'non-profiled nmethods': size=259264Kb used=71745Kb max_used=71745Kb free=187518Kb
 bounds [0x00000252a5f00000, 0x00000252aa520000, 0x00000252b5c30000]
CodeHeap 'profiled nmethods': size=259264Kb used=163287Kb max_used=163287Kb free=95976Kb
 bounds [0x00000252961d0000, 0x00000252a0150000, 0x00000252a5f00000]
CodeHeap 'non-nmethods': size=5760Kb used=2982Kb max_used=3091Kb free=2777Kb
 bounds [0x0000025295c30000, 0x0000025295f40000, 0x00000252961d0000]
 total_blobs=74465 nmethods=72884 adapters=1486
 compilation: enabled
              stopped_count=0, restarted_count=0
 full_count=0

Compilation events (20 events):
Event: 10686.907 Thread 0x00000252e537b4a0 101750       4       com.android.tools.r8.ir.optimize.F::a (728 bytes)
Event: 10686.932 Thread 0x00000252c936cbd0 nmethod 101737 0x00000252aa4fa590 code [0x00000252aa4fa9e0, 0x00000252aa4fcbc8]
Event: 10686.932 Thread 0x00000252c936cbd0 101751       4       com.android.tools.r8.internal.Ly0::a (267 bytes)
Event: 10686.942 Thread 0x00000252c936cbd0 nmethod 101751 0x00000252aa4fec90 code [0x00000252aa4fefa0, 0x00000252aa4ffcc8]
Event: 10686.942 Thread 0x00000252c936cbd0 101754       4       com.android.tools.r8.internal.iq0::d (31 bytes)
Event: 10686.945 Thread 0x00000252c936cbd0 nmethod 101754 0x00000252aa500e10 code [0x00000252aa500fe0, 0x00000252aa5014a8]
Event: 10686.945 Thread 0x00000252c936cbd0 101717       4       com.android.tools.r8.ir.optimize.r0::a (51 bytes)
Event: 10686.946 Thread 0x00000252c936cbd0 nmethod 101717 0x00000252aa501810 code [0x00000252aa5019a0, 0x00000252aa501ae8]
Event: 10686.946 Thread 0x00000252c936cbd0 101718       4       com.android.tools.r8.ir.optimize.t0$$Lambda$9831/0x000000080369bd80::a (5 bytes)
Event: 10686.946 Thread 0x00000252c936cbd0 nmethod 101718 0x00000252aa501c90 code [0x00000252aa501e00, 0x00000252aa501e98]
Event: 10686.946 Thread 0x00000252c936cbd0 101716       4       com.android.tools.r8.internal.qo0::a (28 bytes)
Event: 10686.946 Thread 0x00000252c936cbd0 nmethod 101716 0x00000252aa501f90 code [0x00000252aa502120, 0x00000252aa502218]
Event: 10686.946 Thread 0x00000252c936cbd0 101746       4       com.android.tools.r8.ir.optimize.H::<init> (64 bytes)
Event: 10686.950 Thread 0x00000252c936cbd0 nmethod 101746 0x00000252aa502310 code [0x00000252aa5024a0, 0x00000252aa502bf8]
Event: 10686.950 Thread 0x00000252c936cbd0 101747       4       com.android.tools.r8.internal.In0::equals (9 bytes)
Event: 10686.950 Thread 0x00000252c936cbd0 nmethod 101747 0x00000252aa502e10 code [0x00000252aa502f80, 0x00000252aa503018]
Event: 10686.950 Thread 0x00000252c936cbd0 101742       4       com.android.tools.r8.ir.optimize.q0::a (132 bytes)
Event: 10686.998 Thread 0x00000252c93794f0 nmethod 101760 0x00000252a0113290 code [0x00000252a01134c0, 0x00000252a0113e98]
Event: 10686.998 Thread 0x00000252c93794f0 101761       3       com.android.tools.r8.ir.optimize.F::a (724 bytes)
Event: 10687.003 Thread 0x00000252c93794f0 nmethod 101761 0x00000252a0114290 code [0x00000252a0114aa0, 0x00000252a011a828]

GC Heap History (20 events):
Event: 10670.224 GC heap before
{Heap before GC invocations=184 (full 1):
 garbage-first heap   total 5656576K, used 1718387K [0x0000000600000000, 0x0000000800000000)
  region size 4096K, 69 young (282624K), 6 survivors (24576K)
 Metaspace       used 463193K, committed 467136K, reserved 1507328K
  class space    used 56677K, committed 58688K, reserved 1048576K
}
Event: 10670.364 GC heap after
{Heap after GC invocations=185 (full 1):
 garbage-first heap   total 5656576K, used 1464248K [0x0000000600000000, 0x0000000800000000)
  region size 4096K, 6 young (24576K), 6 survivors (24576K)
 Metaspace       used 463193K, committed 467136K, reserved 1507328K
  class space    used 56677K, committed 58688K, reserved 1048576K
}
Event: 10671.229 GC heap before
{Heap before GC invocations=185 (full 1):
 garbage-first heap   total 5656576K, used 1722296K [0x0000000600000000, 0x0000000800000000)
  region size 4096K, 69 young (282624K), 6 survivors (24576K)
 Metaspace       used 463201K, committed 467136K, reserved 1507328K
  class space    used 56678K, committed 58688K, reserved 1048576K
}
Event: 10671.258 GC heap after
{Heap after GC invocations=186 (full 1):
 garbage-first heap   total 5656576K, used 1482514K [0x0000000600000000, 0x0000000800000000)
  region size 4096K, 9 young (36864K), 9 survivors (36864K)
 Metaspace       used 463201K, committed 467136K, reserved 1507328K
  class space    used 56678K, committed 58688K, reserved 1048576K
}
Event: 10672.275 GC heap before
{Heap before GC invocations=186 (full 1):
 garbage-first heap   total 5656576K, used 1728274K [0x0000000600000000, 0x0000000800000000)
  region size 4096K, 69 young (282624K), 9 survivors (36864K)
 Metaspace       used 463204K, committed 467200K, reserved 1507328K
  class space    used 56678K, committed 58688K, reserved 1048576K
}
Event: 10672.322 GC heap after
{Heap after GC invocations=187 (full 1):
 garbage-first heap   total 5656576K, used 1479630K [0x0000000600000000, 0x0000000800000000)
  region size 4096K, 2 young (8192K), 2 survivors (8192K)
 Metaspace       used 463204K, committed 467200K, reserved 1507328K
  class space    used 56678K, committed 58688K, reserved 1048576K
}
Event: 10672.607 GC heap before
{Heap before GC invocations=187 (full 1):
 garbage-first heap   total 5656576K, used 1754062K [0x0000000600000000, 0x0000000800000000)
  region size 4096K, 69 young (282624K), 2 survivors (8192K)
 Metaspace       used 463204K, committed 467200K, reserved 1507328K
  class space    used 56678K, committed 58688K, reserved 1048576K
}
Event: 10672.756 GC heap after
{Heap after GC invocations=188 (full 1):
 garbage-first heap   total 5656576K, used 1486624K [0x0000000600000000, 0x0000000800000000)
  region size 4096K, 4 young (16384K), 4 survivors (16384K)
 Metaspace       used 463204K, committed 467200K, reserved 1507328K
  class space    used 56678K, committed 58688K, reserved 1048576K
}
Event: 10673.074 GC heap before
{Heap before GC invocations=188 (full 1):
 garbage-first heap   total 5656576K, used 1752864K [0x0000000600000000, 0x0000000800000000)
  region size 4096K, 69 young (282624K), 4 survivors (16384K)
 Metaspace       used 463204K, committed 467200K, reserved 1507328K
  class space    used 56678K, committed 58688K, reserved 1048576K
}
Event: 10673.100 GC heap after
{Heap after GC invocations=189 (full 1):
 garbage-first heap   total 6750208K, used 1484363K [0x0000000600000000, 0x0000000800000000)
  region size 4096K, 4 young (16384K), 4 survivors (16384K)
 Metaspace       used 463204K, committed 467200K, reserved 1507328K
  class space    used 56678K, committed 58688K, reserved 1048576K
}
Event: 10673.561 GC heap before
{Heap before GC invocations=189 (full 1):
 garbage-first heap   total 6750208K, used 1803851K [0x0000000600000000, 0x0000000800000000)
  region size 4096K, 82 young (335872K), 4 survivors (16384K)
 Metaspace       used 463205K, committed 467200K, reserved 1507328K
  class space    used 56678K, committed 58688K, reserved 1048576K
}
Event: 10673.761 GC heap after
{Heap after GC invocations=190 (full 1):
 garbage-first heap   total 6750208K, used 1487527K [0x0000000600000000, 0x0000000800000000)
  region size 4096K, 4 young (16384K), 4 survivors (16384K)
 Metaspace       used 463205K, committed 467200K, reserved 1507328K
  class space    used 56678K, committed 58688K, reserved 1048576K
}
Event: 10676.929 GC heap before
{Heap before GC invocations=190 (full 1):
 garbage-first heap   total 6750208K, used 1807015K [0x0000000600000000, 0x0000000800000000)
  region size 4096K, 82 young (335872K), 4 survivors (16384K)
 Metaspace       used 463217K, committed 467200K, reserved 1507328K
  class space    used 56678K, committed 58688K, reserved 1048576K
}
Event: 10676.948 GC heap after
{Heap after GC invocations=191 (full 1):
 garbage-first heap   total 6750208K, used 1489446K [0x0000000600000000, 0x0000000800000000)
  region size 4096K, 5 young (20480K), 5 survivors (20480K)
 Metaspace       used 463217K, committed 467200K, reserved 1507328K
  class space    used 56678K, committed 58688K, reserved 1048576K
}
Event: 10677.452 GC heap before
{Heap before GC invocations=191 (full 1):
 garbage-first heap   total 6750208K, used 1804838K [0x0000000600000000, 0x0000000800000000)
  region size 4096K, 82 young (335872K), 5 survivors (20480K)
 Metaspace       used 463217K, committed 467200K, reserved 1507328K
  class space    used 56678K, committed 58688K, reserved 1048576K
}
Event: 10677.509 GC heap after
{Heap after GC invocations=192 (full 1):
 garbage-first heap   total 6750208K, used 1491918K [0x0000000600000000, 0x0000000800000000)
  region size 4096K, 5 young (20480K), 5 survivors (20480K)
 Metaspace       used 463217K, committed 467200K, reserved 1507328K
  class space    used 56678K, committed 58688K, reserved 1048576K
}
Event: 10678.218 GC heap before
{Heap before GC invocations=192 (full 1):
 garbage-first heap   total 6750208K, used 2020302K [0x0000000600000000, 0x0000000800000000)
  region size 4096K, 134 young (548864K), 5 survivors (20480K)
 Metaspace       used 463223K, committed 467200K, reserved 1507328K
  class space    used 56678K, committed 58688K, reserved 1048576K
}
Event: 10678.382 GC heap after
{Heap after GC invocations=193 (full 1):
 garbage-first heap   total 6750208K, used 1496014K [0x0000000600000000, 0x0000000800000000)
  region size 4096K, 6 young (24576K), 6 survivors (24576K)
 Metaspace       used 463223K, committed 467200K, reserved 1507328K
  class space    used 56678K, committed 58688K, reserved 1048576K
}
Event: 10685.419 GC heap before
{Heap before GC invocations=193 (full 1):
 garbage-first heap   total 6750208K, used 3453902K [0x0000000600000000, 0x0000000800000000)
  region size 4096K, 484 young (1982464K), 6 survivors (24576K)
 Metaspace       used 463232K, committed 467200K, reserved 1507328K
  class space    used 56679K, committed 58688K, reserved 1048576K
}
Event: 10685.659 GC heap after
{Heap after GC invocations=194 (full 1):
 garbage-first heap   total 6750208K, used 1506296K [0x0000000600000000, 0x0000000800000000)
  region size 4096K, 9 young (36864K), 9 survivors (36864K)
 Metaspace       used 463232K, committed 467200K, reserved 1507328K
  class space    used 56679K, committed 58688K, reserved 1048576K
}

Deoptimization events (20 events):
Event: 10686.816 Thread 0x00000252f12436e0 Uncommon trap: reason=bimorphic_or_optimized_type_check action=maybe_recompile pc=0x00000252a949c97c method=com.android.tools.r8.internal.L7.b(Lcom/android/tools/r8/internal/sB;Lcom/android/tools/r8/internal/RX;Lcom/android/tools/r8/internal/Lf;)Lcom/andr
Event: 10686.816 Thread 0x00000252dc902210 Uncommon trap: reason=unstable_if action=reinterpret pc=0x00000252a98853d8 method=com.android.tools.r8.internal.Hx0.a(Lcom/android/tools/r8/internal/zx0;)Z @ 50 c2
Event: 10686.906 Thread 0x00000252e2a5e440 DEOPT PACKING pc=0x00000252aa39be08 sp=0x0000007fe16fedc0
Event: 10686.906 Thread 0x00000252f12436e0 DEOPT PACKING pc=0x00000252a949c97c sp=0x0000007fe64fefe0
Event: 10686.906 Thread 0x00000252f12436e0 DEOPT UNPACKING pc=0x0000025295c85c23 sp=0x0000007fe64fefc8 mode 2
Event: 10686.906 Thread 0x00000252dd50a0f0 DEOPT PACKING pc=0x00000252aa412f00 sp=0x0000007fe65fe9f0
Event: 10686.906 Thread 0x00000252dc902210 DEOPT PACKING pc=0x00000252a98853d8 sp=0x0000007fe63fee80
Event: 10686.906 Thread 0x00000252dd50a0f0 DEOPT UNPACKING pc=0x0000025295c85c23 sp=0x0000007fe65fe988 mode 2
Event: 10686.906 Thread 0x00000252dc902210 DEOPT UNPACKING pc=0x0000025295c85c23 sp=0x0000007fe63fede8 mode 2
Event: 10686.906 Thread 0x00000252dd50a0f0 Uncommon trap: trap_request=0xffffffc6 fr.pc=0x00000252aa412f00 relative=0x0000000000000340
Event: 10686.906 Thread 0x00000252dd50a0f0 Uncommon trap: reason=bimorphic_or_optimized_type_check action=maybe_recompile pc=0x00000252aa412f00 method=com.android.tools.r8.internal.m.a(Lcom/android/tools/r8/graph/y;Lcom/android/tools/r8/internal/F1;Lcom/android/tools/r8/internal/F1;)Lcom/android/t
Event: 10686.906 Thread 0x00000252dd50a0f0 DEOPT PACKING pc=0x00000252aa412f00 sp=0x0000007fe65fe990
Event: 10686.906 Thread 0x00000252dd50a0f0 DEOPT UNPACKING pc=0x0000025295c85c23 sp=0x0000007fe65fe928 mode 2
Event: 10686.906 Thread 0x00000252dd50a0f0 Uncommon trap: trap_request=0xffffffc6 fr.pc=0x00000252aa412f00 relative=0x0000000000000340
Event: 10686.906 Thread 0x00000252dd50a0f0 Uncommon trap: reason=bimorphic_or_optimized_type_check action=maybe_recompile pc=0x00000252aa412f00 method=com.android.tools.r8.internal.m.a(Lcom/android/tools/r8/graph/y;Lcom/android/tools/r8/internal/F1;Lcom/android/tools/r8/internal/F1;)Lcom/android/t
Event: 10686.906 Thread 0x00000252dd50a0f0 DEOPT PACKING pc=0x00000252aa412f00 sp=0x0000007fe65fe990
Event: 10686.906 Thread 0x00000252dd50a0f0 DEOPT UNPACKING pc=0x0000025295c85c23 sp=0x0000007fe65fe928 mode 2
Event: 10686.939 Thread 0x00000252e2a5e440 DEOPT UNPACKING pc=0x0000025295c85c23 sp=0x0000007fe16fed68 mode 2
Event: 10687.023 Thread 0x00000252e2a5e440 DEOPT PACKING pc=0x00000252a011a470 sp=0x0000007fe16fed30
Event: 10687.023 Thread 0x00000252e2a5e440 DEOPT UNPACKING pc=0x0000025295c86763 sp=0x0000007fe16fe2c0 mode 0

Classes loaded (20 events):
Event: 10618.866 Loading class java/io/JavaVersion$VERSION_17
Event: 10618.910 Loading class java/io/JavaVersion$VERSION_17 done
Event: 10618.911 Loading class java/net/JavaVersion$VERSION_17
Event: 10618.911 Loading class java/net/JavaVersion$VERSION_17 done
Event: 10623.259 Loading class java/lang/JavaVersion
Event: 10623.259 Loading class java/lang/JavaVersion done
Event: 10623.259 Loading class java/util/JavaVersion
Event: 10623.259 Loading class java/util/JavaVersion done
Event: 10623.260 Loading class java/io/JavaVersion
Event: 10623.260 Loading class java/io/JavaVersion done
Event: 10623.260 Loading class java/net/JavaVersion
Event: 10623.260 Loading class java/net/JavaVersion done
Event: 10623.264 Loading class java/lang/JavaVersion$VERSION_11
Event: 10623.264 Loading class java/lang/JavaVersion$VERSION_11 done
Event: 10623.264 Loading class java/util/JavaVersion$VERSION_11
Event: 10623.264 Loading class java/util/JavaVersion$VERSION_11 done
Event: 10623.264 Loading class java/io/JavaVersion$VERSION_11
Event: 10623.264 Loading class java/io/JavaVersion$VERSION_11 done
Event: 10623.264 Loading class java/net/JavaVersion$VERSION_11
Event: 10623.264 Loading class java/net/JavaVersion$VERSION_11 done

Classes unloaded (20 events):
Event: 8731.207 Thread 0x00000252c91eb060 Unloading class 0x0000000800cd4400 'java/lang/invoke/LambdaForm$MH+0x0000000800cd4400'
Event: 8731.207 Thread 0x00000252c91eb060 Unloading class 0x0000000800cd4000 'java/lang/invoke/LambdaForm$BMH+0x0000000800cd4000'
Event: 8731.207 Thread 0x00000252c91eb060 Unloading class 0x0000000800cc8800 'java/lang/invoke/LambdaForm$MH+0x0000000800cc8800'
Event: 8731.207 Thread 0x00000252c91eb060 Unloading class 0x0000000800cc8400 'java/lang/invoke/LambdaForm$MH+0x0000000800cc8400'
Event: 8731.207 Thread 0x00000252c91eb060 Unloading class 0x0000000800cc0000 'java/lang/invoke/LambdaForm$MH+0x0000000800cc0000'
Event: 8731.207 Thread 0x00000252c91eb060 Unloading class 0x0000000800cad000 'java/lang/invoke/LambdaForm$MH+0x0000000800cad000'
Event: 8731.207 Thread 0x00000252c91eb060 Unloading class 0x0000000800cacc00 'java/lang/invoke/LambdaForm$MH+0x0000000800cacc00'
Event: 8731.207 Thread 0x00000252c91eb060 Unloading class 0x0000000800cac800 'java/lang/invoke/LambdaForm$MH+0x0000000800cac800'
Event: 8731.207 Thread 0x00000252c91eb060 Unloading class 0x0000000800c99800 'java/lang/invoke/LambdaForm$MH+0x0000000800c99800'
Event: 8731.207 Thread 0x00000252c91eb060 Unloading class 0x0000000800c99000 'java/lang/invoke/LambdaForm$MH+0x0000000800c99000'
Event: 8731.207 Thread 0x00000252c91eb060 Unloading class 0x0000000800c98c00 'java/lang/invoke/LambdaForm$MH+0x0000000800c98c00'
Event: 8731.207 Thread 0x00000252c91eb060 Unloading class 0x0000000800c98000 'java/lang/invoke/LambdaForm$MH+0x0000000800c98000'
Event: 8731.207 Thread 0x00000252c91eb060 Unloading class 0x0000000800c36000 'java/lang/invoke/LambdaForm$MH+0x0000000800c36000'
Event: 8731.207 Thread 0x00000252c91eb060 Unloading class 0x0000000800c35c00 'java/lang/invoke/LambdaForm$MH+0x0000000800c35c00'
Event: 8731.207 Thread 0x00000252c91eb060 Unloading class 0x0000000800c34000 'java/lang/invoke/LambdaForm$MH+0x0000000800c34000'
Event: 8731.207 Thread 0x00000252c91eb060 Unloading class 0x0000000800c18400 'java/lang/invoke/LambdaForm$MH+0x0000000800c18400'
Event: 8731.207 Thread 0x00000252c91eb060 Unloading class 0x0000000800c02400 'java/lang/invoke/LambdaForm$MH+0x0000000800c02400'
Event: 8731.207 Thread 0x00000252c91eb060 Unloading class 0x0000000800c02000 'java/lang/invoke/LambdaForm$MH+0x0000000800c02000'
Event: 8731.207 Thread 0x00000252c91eb060 Unloading class 0x0000000800c01c00 'java/lang/invoke/LambdaForm$MH+0x0000000800c01c00'
Event: 8731.208 Thread 0x00000252c91eb060 Unloading class 0x0000000800c01400 'java/lang/invoke/LambdaForm$MH+0x0000000800c01400'

Classes redefined (0 events):
No events

Internal exceptions (20 events):
Event: 10637.256 Thread 0x00000252ef2c3550 Exception <a 'sun/nio/fs/WindowsException'{0x0000000679eac268}> (0x0000000679eac268) 
thrown [s\open\src\hotspot\share\prims\jni.cpp, line 516]
Event: 10637.257 Thread 0x00000252ef2c3550 Exception <a 'sun/nio/fs/WindowsException'{0x0000000679eae678}> (0x0000000679eae678) 
thrown [s\open\src\hotspot\share\prims\jni.cpp, line 516]
Event: 10637.260 Thread 0x00000252ef2c3550 Exception <a 'sun/nio/fs/WindowsException'{0x0000000679eb0a68}> (0x0000000679eb0a68) 
thrown [s\open\src\hotspot\share\prims\jni.cpp, line 516]
Event: 10637.262 Thread 0x00000252ef2c3550 Exception <a 'sun/nio/fs/WindowsException'{0x0000000679eb2df8}> (0x0000000679eb2df8) 
thrown [s\open\src\hotspot\share\prims\jni.cpp, line 516]
Event: 10637.264 Thread 0x00000252ef2c3550 Exception <a 'sun/nio/fs/WindowsException'{0x0000000679eb5278}> (0x0000000679eb5278) 
thrown [s\open\src\hotspot\share\prims\jni.cpp, line 516]
Event: 10637.268 Thread 0x00000252ef2c3550 Exception <a 'sun/nio/fs/WindowsException'{0x0000000679eb7680}> (0x0000000679eb7680) 
thrown [s\open\src\hotspot\share\prims\jni.cpp, line 516]
Event: 10637.270 Thread 0x00000252ef2c3550 Exception <a 'sun/nio/fs/WindowsException'{0x0000000679eb9a58}> (0x0000000679eb9a58) 
thrown [s\open\src\hotspot\share\prims\jni.cpp, line 516]
Event: 10637.272 Thread 0x00000252ef2c3550 Exception <a 'sun/nio/fs/WindowsException'{0x0000000679ebbd80}> (0x0000000679ebbd80) 
thrown [s\open\src\hotspot\share\prims\jni.cpp, line 516]
Event: 10637.274 Thread 0x00000252ef2c3550 Exception <a 'sun/nio/fs/WindowsException'{0x0000000679ebe0a0}> (0x0000000679ebe0a0) 
thrown [s\open\src\hotspot\share\prims\jni.cpp, line 516]
Event: 10637.277 Thread 0x00000252ef2c3550 Exception <a 'sun/nio/fs/WindowsException'{0x0000000679ec03d0}> (0x0000000679ec03d0) 
thrown [s\open\src\hotspot\share\prims\jni.cpp, line 516]
Event: 10637.279 Thread 0x00000252ef2c3550 Exception <a 'sun/nio/fs/WindowsException'{0x0000000679ec2778}> (0x0000000679ec2778) 
thrown [s\open\src\hotspot\share\prims\jni.cpp, line 516]
Event: 10637.281 Thread 0x00000252ef2c3550 Exception <a 'sun/nio/fs/WindowsException'{0x0000000679ec4c00}> (0x0000000679ec4c00) 
thrown [s\open\src\hotspot\share\prims\jni.cpp, line 516]
Event: 10637.282 Thread 0x00000252ef2c3550 Exception <a 'sun/nio/fs/WindowsException'{0x0000000679ec7010}> (0x0000000679ec7010) 
thrown [s\open\src\hotspot\share\prims\jni.cpp, line 516]
Event: 10637.285 Thread 0x00000252ef2c3550 Exception <a 'sun/nio/fs/WindowsException'{0x0000000679ec9480}> (0x0000000679ec9480) 
thrown [s\open\src\hotspot\share\prims\jni.cpp, line 516]
Event: 10637.287 Thread 0x00000252ef2c3550 Exception <a 'sun/nio/fs/WindowsException'{0x0000000679ecb998}> (0x0000000679ecb998) 
thrown [s\open\src\hotspot\share\prims\jni.cpp, line 516]
Event: 10637.289 Thread 0x00000252ef2c3550 Exception <a 'sun/nio/fs/WindowsException'{0x0000000679ecdd58}> (0x0000000679ecdd58) 
thrown [s\open\src\hotspot\share\prims\jni.cpp, line 516]
Event: 10638.675 Thread 0x00000252ef2c3550 Exception <a 'sun/nio/fs/WindowsException'{0x00000006b1826b40}> (0x00000006b1826b40) 
thrown [s\open\src\hotspot\share\prims\jni.cpp, line 516]
Event: 10638.675 Thread 0x00000252ef2c3550 Exception <a 'sun/nio/fs/WindowsException'{0x00000006b1826de0}> (0x00000006b1826de0) 
thrown [s\open\src\hotspot\share\prims\jni.cpp, line 516]
Event: 10638.680 Thread 0x00000252ee0abb90 Exception <a 'sun/nio/fs/WindowsException'{0x00000006b2655418}> (0x00000006b2655418) 
thrown [s\open\src\hotspot\share\prims\jni.cpp, line 516]
Event: 10646.288 Thread 0x00000252edc4d630 Exception <a 'java/lang/IncompatibleClassChangeError'{0x00000006f04fc3c0}: Found class java.lang.Object, but interface was expected> (0x00000006f04fc3c0) 
thrown [s\open\src\hotspot\share\interpreter\linkResolver.cpp, line 826]

VM Operations (20 events):
Event: 10677.302 Executing VM operation: ICBufferFull
Event: 10677.304 Executing VM operation: ICBufferFull done
Event: 10677.329 Executing VM operation: G1CollectForAllocation
Event: 10677.510 Executing VM operation: G1CollectForAllocation done
Event: 10678.166 Executing VM operation: ICBufferFull
Event: 10678.169 Executing VM operation: ICBufferFull done
Event: 10678.213 Executing VM operation: G1CollectForAllocation
Event: 10678.384 Executing VM operation: G1CollectForAllocation done
Event: 10680.384 Executing VM operation: Cleanup
Event: 10680.462 Executing VM operation: Cleanup done
Event: 10681.462 Executing VM operation: Cleanup
Event: 10681.684 Executing VM operation: Cleanup done
Event: 10682.685 Executing VM operation: Cleanup
Event: 10682.715 Executing VM operation: Cleanup done
Event: 10684.716 Executing VM operation: Cleanup
Event: 10684.779 Executing VM operation: Cleanup done
Event: 10685.409 Executing VM operation: G1CollectForAllocation
Event: 10685.660 Executing VM operation: G1CollectForAllocation done
Event: 10686.660 Executing VM operation: Cleanup
Event: 10686.906 Executing VM operation: Cleanup done

Events (20 events):
Event: 10678.189 Thread 0x00000252c9385320 flushing nmethod 0x000002529a658090
Event: 10678.189 Thread 0x00000252c9385320 flushing nmethod 0x000002529a659310
Event: 10678.189 Thread 0x00000252c9385320 flushing nmethod 0x000002529a659b90
Event: 10678.189 Thread 0x00000252c9385320 flushing nmethod 0x000002529a65a210
Event: 10678.189 Thread 0x00000252c9385320 flushing nmethod 0x000002529a65cd90
Event: 10678.189 Thread 0x00000252c9385320 flushing nmethod 0x000002529a65d690
Event: 10678.189 Thread 0x00000252c9385320 flushing nmethod 0x000002529a661390
Event: 10678.189 Thread 0x00000252c9385320 flushing nmethod 0x000002529a66b210
Event: 10678.191 Thread 0x00000252c9385320 flushing nmethod 0x000002529a691c90
Event: 10678.192 Thread 0x00000252c9385320 flushing nmethod 0x000002529a6bf010
Event: 10678.193 Thread 0x00000252c9385320 flushing nmethod 0x000002529a6bfb10
Event: 10678.193 Thread 0x00000252c9385320 flushing nmethod 0x000002529a6e1490
Event: 10678.193 Thread 0x00000252c9385320 flushing nmethod 0x000002529a6e3490
Event: 10678.193 Thread 0x00000252c9385320 flushing nmethod 0x000002529a6e5f90
Event: 10678.194 Thread 0x00000252c9385320 flushing nmethod 0x000002529a6f2a90
Event: 10678.201 Thread 0x00000252c9385320 flushing nmethod 0x000002529a812810
Event: 10682.744 Thread 0x00000252ee0123a0 Thread exited: 0x00000252ee0123a0
Event: 10683.024 Thread 0x00000252ee0137e0 Thread added: 0x00000252ee0137e0
Event: 10684.905 Thread 0x00000252ee0137e0 Thread exited: 0x00000252ee0137e0
Event: 10685.070 Thread 0x00000252e537b4a0 Thread added: 0x00000252e537b4a0


Dynamic libraries:
0x00007ff74f7b0000 - 0x00007ff74f7c0000 	C:\Program Files\Java\jdk-18.0.2.1\bin\java.exe
0x00007ffe59c20000 - 0x00007ffe59e87000 	C:\WINDOWS\SYSTEM32\ntdll.dll
0x00007ffe58700000 - 0x00007ffe587c9000 	C:\WINDOWS\System32\KERNEL32.DLL
0x00007ffe57300000 - 0x00007ffe576f4000 	C:\WINDOWS\System32\KERNELBASE.dll
0x00007ffe56ed0000 - 0x00007ffe5701b000 	C:\WINDOWS\System32\ucrtbase.dll
0x00007ffe2e7a0000 - 0x00007ffe2e7b8000 	C:\Program Files\Java\jdk-18.0.2.1\bin\jli.dll
0x00007ffe29500000 - 0x00007ffe2951a000 	C:\Program Files\Java\jdk-18.0.2.1\bin\VCRUNTIME140.dll
0x00007ffe57d40000 - 0x00007ffe57df6000 	C:\WINDOWS\System32\ADVAPI32.dll
0x00007ffe58450000 - 0x00007ffe584f9000 	C:\WINDOWS\System32\msvcrt.dll
0x00007ffe591d0000 - 0x00007ffe59277000 	C:\WINDOWS\System32\sechost.dll
0x00007ffe58e40000 - 0x00007ffe58f58000 	C:\WINDOWS\System32\RPCRT4.dll
0x00007ffe57e00000 - 0x00007ffe57fc5000 	C:\WINDOWS\System32\USER32.dll
0x00007ffe564f0000 - 0x00007ffe56517000 	C:\WINDOWS\System32\win32u.dll
0x00007ffe3d580000 - 0x00007ffe3d813000 	C:\WINDOWS\WinSxS\amd64_microsoft.windows.common-controls_6595b64144ccf1df_6.0.26100.8115_none_3e075c82e3354f9c\COMCTL32.dll
0x00007ffe58d50000 - 0x00007ffe58d7b000 	C:\WINDOWS\System32\GDI32.dll
0x00007ffe57700000 - 0x00007ffe5782a000 	C:\WINDOWS\System32\gdi32full.dll
0x00007ffe570e0000 - 0x00007ffe57183000 	C:\WINDOWS\System32\msvcp_win.dll
0x00007ffe4ac10000 - 0x00007ffe4ac1b000 	C:\WINDOWS\SYSTEM32\VERSION.dll
0x00007ffe58f60000 - 0x00007ffe58f92000 	C:\WINDOWS\System32\IMM32.DLL
0x00007ffe3ab90000 - 0x00007ffe3ab9c000 	C:\Program Files\Java\jdk-18.0.2.1\bin\vcruntime140_1.dll
0x00007ffde54c0000 - 0x00007ffde554d000 	C:\Program Files\Java\jdk-18.0.2.1\bin\msvcp140.dll
0x00007ffdc3250000 - 0x00007ffdc3e61000 	C:\Program Files\Java\jdk-18.0.2.1\bin\server\jvm.dll
0x00007ffe59140000 - 0x00007ffe59148000 	C:\WINDOWS\System32\PSAPI.DLL
0x00007ffe4af40000 - 0x00007ffe4af76000 	C:\WINDOWS\SYSTEM32\WINMM.dll
0x00007ffe441a0000 - 0x00007ffe441aa000 	C:\WINDOWS\SYSTEM32\WSOCK32.dll
0x00007ffe58500000 - 0x00007ffe58580000 	C:\WINDOWS\System32\WS2_32.dll
0x00007ffe55220000 - 0x00007ffe5523b000 	C:\WINDOWS\SYSTEM32\kernel.appcore.dll
0x00007ffe37610000 - 0x00007ffe3761a000 	C:\Program Files\Java\jdk-18.0.2.1\bin\jimage.dll
0x00007ffe54400000 - 0x00007ffe54642000 	C:\WINDOWS\SYSTEM32\DBGHELP.DLL
0x00007ffe579b0000 - 0x00007ffe57d32000 	C:\WINDOWS\System32\combase.dll
0x00007ffe57fd0000 - 0x00007ffe580a7000 	C:\WINDOWS\System32\OLEAUT32.dll
0x00007ffe39b60000 - 0x00007ffe39b9b000 	C:\WINDOWS\SYSTEM32\dbgcore.DLL
0x00007ffe56e20000 - 0x00007ffe56ec5000 	C:\WINDOWS\System32\bcryptPrimitives.dll
0x00007ffe370e0000 - 0x00007ffe370ee000 	C:\Program Files\Java\jdk-18.0.2.1\bin\instrument.dll
0x00007ffe11c30000 - 0x00007ffe11c55000 	C:\Program Files\Java\jdk-18.0.2.1\bin\java.dll
0x00007ffde3350000 - 0x00007ffde3426000 	C:\Program Files\Java\jdk-18.0.2.1\bin\jsvml.dll
0x00007ffe59290000 - 0x00007ffe599f6000 	C:\WINDOWS\System32\SHELL32.dll
0x00007ffe57190000 - 0x00007ffe572fa000 	C:\WINDOWS\System32\wintypes.dll
0x00007ffe565b0000 - 0x00007ffe56e15000 	C:\WINDOWS\System32\windows.storage.dll
0x00007ffe58590000 - 0x00007ffe58687000 	C:\WINDOWS\System32\SHCORE.dll
0x00007ffe58690000 - 0x00007ffe586f6000 	C:\WINDOWS\System32\shlwapi.dll
0x00007ffe56410000 - 0x00007ffe56439000 	C:\WINDOWS\SYSTEM32\profapi.dll
0x00007ffe14620000 - 0x00007ffe14638000 	C:\Program Files\Java\jdk-18.0.2.1\bin\zip.dll
0x00007ffe1ba70000 - 0x00007ffe1ba83000 	C:\Program Files\Java\jdk-18.0.2.1\bin\net.dll
0x00007ffe45800000 - 0x00007ffe4592d000 	C:\WINDOWS\SYSTEM32\WINHTTP.dll
0x00007ffe557f0000 - 0x00007ffe5585c000 	C:\WINDOWS\system32\mswsock.dll
0x00007ffe1b5c0000 - 0x00007ffe1b5d6000 	C:\Program Files\Java\jdk-18.0.2.1\bin\nio.dll
0x00007ffe440e0000 - 0x00007ffe440f0000 	C:\Program Files\Java\jdk-18.0.2.1\bin\verify.dll
0x00007ffe375d0000 - 0x00007ffe375f7000 	C:\Users\julie\.gradle\native\1def1411415f61bf3af743bc5b6707747c0891f09f0c88961ee8f79bc544acac\windows-amd64\native-platform.dll
0x00007ffe3ef90000 - 0x00007ffe3f008000 	C:\Users\julie\.gradle\native\0.2.7\x86_64-windows-gnu\gradle-fileevents.dll
0x00007ffe32880000 - 0x00007ffe32889000 	C:\Program Files\Java\jdk-18.0.2.1\bin\management.dll
0x00007ffe32390000 - 0x00007ffe3239b000 	C:\Program Files\Java\jdk-18.0.2.1\bin\management_ext.dll
0x00007ffe54cf0000 - 0x00007ffe54d22000 	C:\WINDOWS\SYSTEM32\IPHLPAPI.DLL
0x00007ffe58440000 - 0x00007ffe5844a000 	C:\WINDOWS\System32\NSI.dll
0x00007ffe4adb0000 - 0x00007ffe4adcd000 	C:\WINDOWS\SYSTEM32\dhcpcsvc6.DLL
0x00007ffe4ad80000 - 0x00007ffe4ada5000 	C:\WINDOWS\SYSTEM32\dhcpcsvc.DLL
0x00007ffe54d30000 - 0x00007ffe54e62000 	C:\WINDOWS\SYSTEM32\DNSAPI.dll
0x00007ffe55ad0000 - 0x00007ffe55aeb000 	C:\WINDOWS\SYSTEM32\CRYPTSP.dll
0x00007ffe551e0000 - 0x00007ffe55219000 	C:\WINDOWS\system32\rsaenh.dll
0x00007ffe558a0000 - 0x00007ffe558d3000 	C:\WINDOWS\SYSTEM32\USERENV.dll
0x00007ffe563e0000 - 0x00007ffe5640a000 	C:\WINDOWS\SYSTEM32\bcrypt.dll
0x00007ffe55af0000 - 0x00007ffe55afc000 	C:\WINDOWS\SYSTEM32\CRYPTBASE.dll
0x00007ffe28820000 - 0x00007ffe28838000 	C:\WINDOWS\system32\napinsp.dll
0x00007ffe25a20000 - 0x00007ffe25a33000 	C:\WINDOWS\System32\winrnr.dll
0x00007ffe440b0000 - 0x00007ffe440d2000 	C:\WINDOWS\system32\nlansp_c.dll
0x00007ffe43170000 - 0x00007ffe43186000 	C:\WINDOWS\system32\wshbth.dll
0x00007ffe4ac20000 - 0x00007ffe4ac2b000 	C:\Windows\System32\rasadhlp.dll
0x00007ffe4d030000 - 0x00007ffe4d0b6000 	C:\WINDOWS\System32\fwpuclnt.dll
0x00007ffe4ec80000 - 0x00007ffe4ec8e000 	C:\Program Files\Java\jdk-18.0.2.1\bin\sunmscapi.dll
0x00007ffe57830000 - 0x00007ffe579a7000 	C:\WINDOWS\System32\CRYPT32.dll
0x00007ffe55cf0000 - 0x00007ffe55d20000 	C:\WINDOWS\SYSTEM32\ncrypt.dll
0x00007ffe55ca0000 - 0x00007ffe55cdf000 	C:\WINDOWS\SYSTEM32\NTASN1.dll
0x00007ffe553a0000 - 0x00007ffe553d6000 	C:\WINDOWS\SYSTEM32\ntmarta.dll
0x00007ffdead10000 - 0x00007ffdeae9f000 	C:\Program Files\Java\jdk-18.0.2.1\bin\awt.dll
0x00007ffe538b0000 - 0x00007ffe5394f000 	C:\WINDOWS\SYSTEM32\apphelp.dll
0x00007ffe539d0000 - 0x00007ffe53a79000 	C:\WINDOWS\system32\uxtheme.dll
0x00007ffe58130000 - 0x00007ffe5828c000 	C:\WINDOWS\System32\MSCTF.dll
0x00007ffe58fa0000 - 0x00007ffe59137000 	C:\WINDOWS\System32\ole32.dll
0x00007ffe440f0000 - 0x00007ffe440f7000 	C:\Program Files\Java\jdk-18.0.2.1\bin\rmi.dll

dbghelp: loaded successfully - version: 4.0.5 - missing functions: none
symbol engine: initialized successfully - sym options: 0x614 - pdb path: .;C:\Program Files\Java\jdk-18.0.2.1\bin;C:\WINDOWS\SYSTEM32;C:\WINDOWS\WinSxS\amd64_microsoft.windows.common-controls_6595b64144ccf1df_6.0.26100.8115_none_3e075c82e3354f9c;C:\Program Files\Java\jdk-18.0.2.1\bin\server;C:\Users\julie\.gradle\native\1def1411415f61bf3af743bc5b6707747c0891f09f0c88961ee8f79bc544acac\windows-amd64;C:\Users\julie\.gradle\native\0.2.7\x86_64-windows-gnu

VM Arguments:
jvm_args: --add-opens=java.base/java.lang=ALL-UNNAMED --add-opens=java.base/java.lang.invoke=ALL-UNNAMED --add-opens=java.base/java.util=ALL-UNNAMED --add-opens=java.prefs/java.util.prefs=ALL-UNNAMED --add-exports=jdk.compiler/com.sun.tools.javac.api=ALL-UNNAMED --add-exports=jdk.compiler/com.sun.tools.javac.util=ALL-UNNAMED --add-opens=java.base/java.util=ALL-UNNAMED --add-opens=java.prefs/java.util.prefs=ALL-UNNAMED --add-opens=java.base/java.nio.charset=ALL-UNNAMED --add-opens=java.base/java.net=ALL-UNNAMED --add-opens=java.base/java.util.concurrent.atomic=ALL-UNNAMED --add-opens=java.xml/javax.xml.namespace=ALL-UNNAMED -XX:MaxMetaspaceSize=4G -XX:ReservedCodeCacheSize=512m -XX:+HeapDumpOnOutOfMemoryError -Xmx8G -Dfile.encoding=UTF-8 -Duser.country=CO -Duser.language=es -Duser.variant -javaagent:C:\Users\julie\.gradle\wrapper\dists\gradle-8.14-all\c2qonpi39x1mddn7hk5gh9iqj\gradle-8.14\lib\agents\gradle-instrumentation-agent-8.14.jar 
java_command: org.gradle.launcher.daemon.bootstrap.GradleDaemon 8.14
java_class_path (initial): C:\Users\julie\.gradle\wrapper\dists\gradle-8.14-all\c2qonpi39x1mddn7hk5gh9iqj\gradle-8.14\lib\gradle-daemon-main-8.14.jar
Launcher Type: SUN_STANDARD

[Global flags]
     intx CICompilerCount                          = 4                                         {product} {ergonomic}
     uint ConcGCThreads                            = 2                                         {product} {ergonomic}
     uint G1ConcRefinementThreads                  = 8                                         {product} {ergonomic}
   size_t G1HeapRegionSize                         = 4194304                                   {product} {ergonomic}
    uintx GCDrainStackTargetSize                   = 64                                        {product} {ergonomic}
     bool HeapDumpOnOutOfMemoryError               = true                                   {manageable} {command line}
   size_t InitialHeapSize                          = 130023424                                 {product} {ergonomic}
   size_t MarkStackSize                            = 4194304                                   {product} {ergonomic}
   size_t MaxHeapSize                              = 8589934592                                {product} {command line}
   size_t MaxMetaspaceSize                         = 4294967296                                {product} {command line}
   size_t MaxNewSize                               = 5150605312                                {product} {ergonomic}
   size_t MinHeapDeltaBytes                        = 4194304                                   {product} {ergonomic}
   size_t MinHeapSize                              = 8388608                                   {product} {ergonomic}
    uintx NonNMethodCodeHeapSize                   = 5839372                                {pd product} {ergonomic}
    uintx NonProfiledCodeHeapSize                  = 265515770                              {pd product} {ergonomic}
    uintx ProfiledCodeHeapSize                     = 265515770                              {pd product} {ergonomic}
    uintx ReservedCodeCacheSize                    = 536870912                              {pd product} {command line}
     bool SegmentedCodeCache                       = true                                      {product} {ergonomic}
   size_t SoftMaxHeapSize                          = 8589934592                             {manageable} {ergonomic}
   double SweeperThreshold                         = 0.234375                                  {product} {ergonomic}
     bool UseCompressedClassPointers               = true                           {product lp64_product} {ergonomic}
     bool UseCompressedOops                        = true                           {product lp64_product} {ergonomic}
     bool UseG1GC                                  = true                                      {product} {ergonomic}
     bool UseLargePagesIndividualAllocation        = false                                  {pd product} {ergonomic}

Logging:
Log output configuration:
 #0: stdout all=warning uptime,level,tags foldmultilines=false
 #1: stderr all=off uptime,level,tags foldmultilines=false

Environment Variables:
JAVA_HOME=C:\Program Files\Java\jdk-18.0.2.1
CLASSPATH=C:\Users\julie\OneDrive\Escritorio\app fluter\FlutterInlcuyeme\android\\gradle\wrapper\gradle-wrapper.jar
PATH=C:\Program Files\Java\jdk-18.0.2.1\bin;C:\Users\julie\OneDrive\Documentos\flutter_sdk\bin\;c:\Users\julie\AppData\Roaming\Code\User\globalStorage\github.copilot-chat\debugCommand;c:\Users\julie\AppData\Roaming\Code\User\globalStorage\github.copilot-chat\copilotCli;C:\Users\julie\AppData\Local\Programs\Microsoft VS Code;C:\Program Files\Common Files\Oracle\Java\javapath;C:\WINDOWS\system32;C:\WINDOWS;C:\WINDOWS\System32\Wbem;C:\WINDOWS\System32\WindowsPowerShell\v1.0\;C:\WINDOWS\System32\OpenSSH\;C:\Program Files\Git\cmd;C:\Program Files\nodejs\;C:\Program Files\Common Files\Oracle\Java\javapath;C:\WINDOWS\system32;C:\WINDOWS;C:\WINDOWS\System32\Wbem;C:\WINDOWS\System32\WindowsPowerShell\v1.0\;C:\WINDOWS\System32\OpenSSH\;C:\Program Files\Git\cmd;C:\Program Files\nodejs\;C:\Users\julie\AppData\Local\Microsoft\WindowsApps;C:\Users\julie\AppData\Local\Programs\Microsoft VS Code\bin;C:\Users\julie\AppData\Local\Programs\cursor\resources\app\bin;C:\Users\julie\AppData\Local\GitHubDesktop\bin;C:\Users\julie\AppData\Roaming\npm;C:\Users\julie\OneDrive\Documentos\flutter_sdk\bin;C:\Users\julie\OneDrive\Documentos\flutter_sdk\bin;C:\Users\julie\AppData\Local\Pub\Cache\bin;C:\Users\julie\AppData\Local\Pub\Cache\bin;C:\Users\julie\OneDrive\Documentos\flutter_sdk\bin\mingit\cmd
USERNAME=julie
LANG=es_ES.UTF-8
OS=Windows_NT
PROCESSOR_IDENTIFIER=Intel64 Family 6 Model 140 Stepping 1, GenuineIntel



---------------  S Y S T E M  ---------------

OS:
 Windows 11 , 64 bit Build 26100 (10.0.26100.8115)
OS uptime: 0 days 3:14 hours
Hyper-V role detected

CPU: total 8 (initial active 8) (4 cores per cpu, 2 threads per core) family 6 model 140 stepping 1 microcode 0x9a, cx8, cmov, fxsr, ht, mmx, 3dnowpref, sse, sse2, sse3, ssse3, sse4.1, sse4.2, popcnt, lzcnt, tsc, tscinvbit, avx, avx2, aes, erms, clmul, bmi1, bmi2, adx, avx512f, avx512dq, avx512cd, avx512bw, avx512vl, sha, fma, vzeroupper, avx512_vpopcntdq, avx512_vpclmulqdq, avx512_vaes, avx512_vnni, clflush, clflushopt, clwb, avx512_vbmi2, avx512_vbmi, hv

Memory: 4k page, system-wide physical 7886M (655M free)
TotalPageFile size 32462M (AvailPageFile size 6M)
current process WorkingSet (physical memory assigned to process): 2633M, peak: 2694M
current process commit charge ("private bytes"): 7929M, peak: 7935M

vm_info: Java HotSpot(TM) 64-Bit Server VM (18.0.2.1+1-1) for windows-amd64 JRE (18.0.2.1+1-1), built on Aug 16 2022 01:46:33 by "mach5one" with MS VC++ 16.8 / 16.9 (VS2019)

END.
